20210702 09:37:03.0087,1.075378,0.652191,2.092346,-2.079553,0.000000,0.000000,0.000000,0.000000,
20210702 09:37:03.0187,1.074481,0.650226,2.092346,-2.079553,0.000000,0.000000,0.000000,0.000000,
20210702 09:37:03.0287,1.077930,0.647510,2.092346,-2.079553,0.000000,0.000000,0.000000,0.000000,
20210702 09:37:03.0387,1.070660,0.650293,2.092346,-2.079553,0.000000,0.000000,0.000000,0.000000,
20210702 09:37:03.0487,1.074481,0.645294,2.092346,-2.079553,0.000000,0.000000,0.000000,0.000000,
20210702 09:37:03.0587,1.072888,0.651874,2.092346,-2.079553,0.000000,0.000000,0.000000,0.000000,
20210702 09:37:03.0687,1.074420,0.650037,2.092346,-2.079553,0.000000,0.000000,0.000000,0.000000,
20210702 09:37:03.0787,1.077545,0.650610,2.092346,-2.079553,0.000000,0.000000,0.000000,0.000000,
20210702 09:37:03.0887,1.072888,0.650543,2.092346,-2.079553,0.000000,0.000000,0.000000,0.000000,
20210702 09:37:03.0987,1.079266,0.650610,2.092346,-2.079553,0.000000,0.000000,0.000000,0.000000,
20210702 09:37:03.1087,1.076398,0.650165,2.092346,-2.079553,0.000000,0.000000,0.000000,0.000000,
20210702 09:37:03.1118,1.076843,0.648901,2.092346,-2.079553,0.000000,0.000000,0.000000,0.000000,
20210702 09:37:03.1218,1.076270,0.648712,2.092346,-2.079553,0.000000,0.000000,0.000000,0.000000,
20210702 09:37:03.1318,1.078821,0.650037,2.092346,-2.079553,0.000000,0.000000,0.000000,0.000000,
20210702 09:37:03.1418,1.081561,0.647699,2.092346,-2.079553,0.000000,0.000000,0.000000,0.000000,
20210702 09:37:03.1518,1.078119,0.649847,2.092346,-2.079553,0.000000,0.000000,0.000000,0.000000,
20210702 09:37:03.1618,1.070020,0.649341,2.092346,-2.079553,0.000000,0.000000,0.000000,0.000000,
20210702 09:37:03.1718,1.073718,0.650226,2.092346,-2.079553,0.000000,0.000000,0.000000,0.000000,
20210702 09:37:03.1818,1.080859,0.651617,2.092346,-2.079553,0.000000,0.000000,0.000000,0.000000,
20210702 09:37:03.1918,1.079584,0.649091,2.092346,-2.079553,0.000000,0.000000,0.000000,0.000000,
20210702 09:37:03.2018,1.068170,0.650861,2.092346,-2.079553,0.000000,0.000000,0.000000,0.000000,
20210702 09:37:03.2118,1.074738,0.650732,2.092346,-2.079553,0.000000,0.000000,0.000000,0.000000,
20210702 09:37:03.2133,1.075122,0.650989,2.092346,-2.079553,0.000000,0.000000,0.000000,0.000000,
20210702 09:37:03.2233,1.069513,0.648456,2.092346,-2.079553,0.000000,0.000000,0.000000,0.000000,
20210702 09:37:03.2333,1.074292,0.650800,2.092346,-2.079553,0.000000,0.000000,0.000000,0.000000,
20210702 09:37:03.2433,1.069128,0.648712,2.092346,-2.079553,0.000000,0.000000,0.000000,0.000000,
20210702 09:37:03.2533,1.079266,0.650610,2.092346,-2.079553,0.000000,0.000000,0.000000,0.000000,
20210702 09:37:03.2633,1.071423,0.646558,2.092346,-2.079553,0.000000,0.000000,0.000000,0.000000,
20210702 09:37:03.2733,1.074359,0.650482,2.092346,-2.079553,0.000000,0.000000,0.000000,0.000000,
20210702 09:37:03.2833,1.074805,0.648138,2.092346,-2.079553,0.000000,0.000000,0.000000,0.000000,
20210702 09:37:03.2933,1.077100,0.652124,2.092346,-2.079553,0.000000,0.000000,0.000000,0.000000,
20210702 09:37:03.3033,1.077991,0.648901,2.092346,-2.079553,0.000000,0.000000,0.000000,0.000000,
20210702 09:37:03.3124,1.069513,0.652313,2.092346,-2.079553,0.000000,0.000000,0.000000,0.000000,
20210702 09:37:03.3224,1.077545,0.648773,2.092346,-2.079553,0.000000,0.000000,0.000000,0.000000,
20210702 09:37:03.3324,1.075757,0.651239,2.092346,-2.079553,0.000000,0.000000,0.000000,0.000000,
20210702 09:37:03.3424,1.072571,0.648712,2.092346,-2.079553,0.000000,0.000000,0.000000,0.000000,
20210702 09:37:03.3524,1.068365,0.652124,2.092346,-2.079553,0.000000,0.000000,0.000000,0.000000,
20210702 09:37:03.3624,1.072827,0.648712,2.092346,-2.079553,0.000000,0.000000,0.000000,0.000000,
20210702 09:37:03.3724,1.076971,0.649408,2.092346,-2.079553,0.000000,0.000000,0.000000,0.000000,
20210702 09:37:03.3824,1.081818,0.644977,2.092346,-2.079553,0.000000,0.000000,0.000000,0.000000,
20210702 09:37:03.3924,1.070789,0.651685,2.092346,-2.079553,0.000000,0.000000,0.000000,0.000000,
20210702 09:37:03.4024,1.080029,0.648077,2.092346,-2.079553,0.000000,0.000000,0.000000,0.000000,
20210702 09:37:03.4144,1.073273,0.650989,2.092346,-2.079553,0.000000,0.000000,0.000000,0.000000,
20210702 09:37:03.4244,1.077032,0.647821,2.092346,-2.079553,0.000000,0.000000,0.000000,0.000000,
20210702 09:37:03.4344,1.080353,0.652313,2.092346,-2.079553,0.000000,0.000000,0.000000,0.000000,
20210702 09:37:03.4444,1.078247,0.648206,2.092346,-2.079553,0.000000,0.000000,0.000000,0.000000,
20210702 09:37:03.4544,1.076843,0.650922,2.092346,-2.079553,0.000000,0.000000,0.000000,0.000000,
20210702 09:37:03.4644,1.071295,0.648645,2.092346,-2.079553,0.000000,0.000000,0.000000,0.000000,
20210702 09:37:03.4744,1.078821,0.651239,2.092346,-2.079553,0.000000,0.000000,0.000000,0.000000,
20210702 09:37:03.4844,1.081561,0.645923,2.092346,-2.079553,0.000000,0.000000,0.000000,0.000000,
20210702 09:37:03.4944,1.076141,0.647125,2.092346,-2.079553,0.000000,0.000000,0.000000,0.000000,
20210702 09:37:03.5044,1.075629,0.648962,2.092346,-2.079553,0.000000,0.000000,0.000000,0.000000,
20210702 09:37:03.5183,1.073462,0.647510,2.092346,-2.079553,0.000000,0.000000,0.000000,0.000000,
20210702 09:37:03.5283,1.071484,0.649341,2.092346,-2.079553,0.000000,0.000000,0.000000,0.000000,
20210702 09:37:03.5383,1.079199,0.650104,2.092346,-2.079553,0.000000,0.000000,0.000000,0.000000,
20210702 09:37:03.5483,1.078180,0.649469,2.092346,-2.079553,0.000000,0.000000,0.000000,0.000000,
20210702 09:37:03.5583,1.076654,0.651111,2.092346,-2.079553,0.000000,0.000000,0.000000,0.000000,
20210702 09:37:03.5683,1.067596,0.652380,2.092346,-2.079553,0.000000,0.000000,0.000000,0.000000,
20210702 09:37:03.5783,1.066833,0.650226,2.092346,-2.079553,0.000000,0.000000,0.000000,0.000000,
20210702 09:37:03.5883,1.071484,0.649719,2.092346,-2.079553,0.000000,0.000000,0.000000,0.000000,
20210702 09:37:03.5983,1.078052,0.652313,2.092346,-2.079553,0.000000,0.000000,0.000000,0.000000,
20210702 09:37:03.6083,1.074677,0.650293,2.092346,-2.079553,0.000000,0.000000,0.000000,0.000000,
20210702 09:37:03.6188,1.076782,0.648328,2.092346,-2.079553,0.000000,0.000000,0.000000,0.000000,
20210702 09:37:03.6288,1.074036,0.648712,2.092346,-2.079553,0.000000,0.000000,0.000000,0.000000,
20210702 09:37:03.6388,1.072510,0.651050,2.092346,-2.079553,0.000000,0.000000,0.000000,0.000000,
20210702 09:37:03.6488,1.077545,0.649786,2.092346,-2.079553,0.000000,0.000000,0.000000,0.000000,
20210702 09:37:03.6588,1.077478,0.646118,2.092346,-2.079553,0.000000,0.000000,0.000000,0.000000,
20210702 09:37:03.6688,1.067151,0.646747,2.092346,-2.079553,0.000000,0.000000,0.000000,0.000000,
20210702 09:37:03.6788,1.070337,0.647632,2.092346,-2.079553,0.000000,0.000000,0.000000,0.000000,
20210702 09:37:03.6888,1.076141,0.649847,2.092346,-2.079553,0.000000,0.000000,0.000000,0.000000,
20210702 09:37:03.6988,1.076331,0.650732,2.092346,-2.079553,0.000000,0.000000,0.000000,0.000000,
20210702 09:37:03.7088,1.072510,0.650732,2.092346,-2.079553,0.000000,0.000000,0.000000,0.000000,
20210702 09:37:03.7198,1.077417,0.651428,2.092346,-2.079553,0.000000,0.000000,0.000000,0.000000,
20210702 09:37:03.7298,1.078375,0.646497,2.092346,-2.079553,0.000000,0.000000,0.000000,0.000000,
20210702 09:37:03.7398,1.075507,0.648206,2.092346,-2.079553,0.000000,0.000000,0.000000,0.000000,
20210702 09:37:03.7498,1.080988,0.644659,2.092346,-2.079553,0.000000,0.000000,0.000000,0.000000,
20210702 09:37:03.7598,1.080731,0.645355,2.092346,-2.079553,0.000000,0.000000,0.000000,0.000000,
20210702 09:37:03.7698,1.075311,0.650293,2.092346,-2.079553,0.000000,0.000000,0.000000,0.000000,
20210702 09:37:03.7798,1.077417,0.649341,2.092346,-2.079553,0.000000,0.000000,0.000000,0.000000,
20210702 09:37:03.7898,1.074359,0.650165,2.092346,-2.079553,0.000000,0.000000,0.000000,0.000000,
20210702 09:37:03.7998,1.076587,0.649091,2.092346,-2.079553,0.000000,0.000000,0.000000,0.000000,
20210702 09:37:03.8098,1.069257,0.647949,2.092346,-2.079553,0.000000,0.000000,0.000000,0.000000,
20210702 09:37:03.8238,1.068170,0.649341,2.092346,-2.079553,0.000000,0.000000,0.000000,0.000000,
20210702 09:37:03.8338,1.081622,0.650989,2.092346,-2.079553,0.000000,0.000000,0.000000,0.000000,
20210702 09:37:03.8438,1.070087,0.649530,2.092346,-2.079553,0.000000,0.000000,0.000000,0.000000,
20210702 09:37:03.8538,1.077930,0.650861,2.092346,-2.079553,0.000000,0.000000,0.000000,0.000000,
20210702 09:37:03.8638,1.077930,0.650037,2.092346,-2.079553,0.000000,0.000000,0.000000,0.000000,
20210702 09:37:03.8738,1.075055,0.651239,2.092346,-2.079553,0.000000,0.000000,0.000000,0.000000,
20210702 09:37:03.8838,1.077545,0.645734,2.092346,-2.079553,0.000000,0.000000,0.000000,0.000000,
20210702 09:37:03.8938,1.072699,0.649847,2.092346,-2.079553,0.000000,0.000000,0.000000,0.000000,
20210702 09:37:03.9038,1.067212,0.648077,2.092346,-2.079553,0.000000,0.000000,0.000000,0.000000,
20210702 09:37:03.9138,1.070789,0.651367,2.092346,-2.079553,0.000000,0.000000,0.000000,0.000000,
20210702 09:37:03.9238,1.078247,0.649908,2.092346,-2.079553,0.000000,0.000000,0.000000,0.000000,
20210702 09:37:03.9228,1.076526,0.647888,2.092346,-2.079553,0.000000,0.000000,0.000000,0.000000,
20210702 09:37:03.9328,1.073718,0.649341,2.092346,-2.079553,0.000000,0.000000,0.000000,0.000000,
20210702 09:37:03.9428,1.078821,0.652948,2.092346,-2.079553,0.000000,0.000000,0.000000,0.000000,
20210702 09:37:03.9528,1.071295,0.650732,2.092346,-2.079553,0.000000,0.000000,0.000000,0.000000,
20210702 09:37:03.9628,1.074292,0.651050,2.092346,-2.079553,0.000000,0.000000,0.000000,0.000000,
20210702 09:37:03.9728,1.079010,0.648517,2.092346,-2.079553,0.000000,0.000000,0.000000,0.000000,
20210702 09:37:03.9828,1.074036,0.651874,2.092346,-2.079553,0.000000,0.000000,0.000000,0.000000,
20210702 09:37:03.9928,1.069189,0.647632,2.092346,-2.079553,0.000000,0.000000,0.000000,0.000000,
20210702 09:37:04.0028,1.078436,0.651617,2.092346,-2.079553,0.000000,0.000000,0.000000,0.000000,
20210702 09:37:04.0128,1.074231,0.648962,2.092346,-2.079553,0.000000,0.000000,0.000000,0.000000,
20210702 09:37:04.0248,1.077161,0.648395,2.092346,-2.079553,0.000000,0.000000,0.000000,0.000000,
20210702 09:37:04.0348,1.075507,0.649530,2.092346,-2.079553,0.000000,0.000000,0.000000,0.000000,
20210702 09:37:04.0448,1.070148,0.651050,2.092346,-2.079553,0.000000,0.000000,0.000000,0.000000,
20210702 09:37:04.0548,1.078564,0.645990,2.092346,-2.079553,0.000000,0.000000,0.000000,0.000000,
20210702 09:37:04.0648,1.078625,0.651178,2.092346,-2.079553,0.000000,0.000000,0.000000,0.000000,
20210702 09:37:04.0748,1.077545,0.649469,2.092346,-2.079553,0.000000,0.000000,0.000000,0.000000,
20210702 09:37:04.0848,1.065491,0.650922,2.092346,-2.079553,0.000000,0.000000,0.000000,0.000000,
20210702 09:37:04.0948,1.070593,0.649280,2.092346,-2.079553,0.000000,0.000000,0.000000,0.000000,
20210702 09:37:04.1048,1.078375,0.649658,2.092346,-2.079553,0.000000,0.000000,0.000000,0.000000,
20210702 09:37:04.1148,1.080798,0.649847,2.092346,-2.079553,0.000000,0.000000,0.000000,0.000000,
20210702 09:37:04.1248,1.069189,0.650861,2.092346,-2.079553,0.000000,0.000000,0.000000,0.000000,
20210702 09:37:04.1348,1.075629,0.648206,2.092346,-2.079553,0.000000,0.000000,0.000000,0.000000,
20210702 09:37:04.1448,1.075885,0.651239,2.092346,-2.079553,0.000000,0.000000,0.000000,0.000000,
20210702 09:37:04.1548,1.076715,0.648834,2.092346,-2.079553,0.000000,0.000000,0.000000,0.000000,
20210702 09:37:04.1648,1.080859,0.650861,2.092346,-2.079553,0.000000,0.000000,0.000000,0.000000,
20210702 09:37:04.1748,1.076782,0.647003,2.092346,-2.079553,0.000000,0.000000,0.000000,0.000000,
20210702 09:37:04.1848,1.079266,0.650482,2.092346,-2.079553,0.000000,0.000000,0.000000,0.000000,
20210702 09:37:04.1948,1.082074,0.650293,2.092346,-2.079553,0.000000,0.000000,0.000000,0.000000,
20210702 09:37:04.2048,1.068365,0.651239,2.092346,-2.079553,0.000000,0.000000,0.000000,0.000000,
20210702 09:37:04.2148,1.077545,0.651306,2.092346,-2.079553,0.000000,0.000000,0.000000,0.000000,
20210702 09:37:04.2257,1.076080,0.652252,2.092346,-2.079553,0.000000,0.000000,0.000000,0.000000,
20210702 09:37:04.2357,1.068683,0.647510,2.092346,-2.079553,0.000000,0.000000,0.000000,0.000000,
20210702 09:37:04.2457,1.078949,0.650922,2.092346,-2.079553,0.000000,0.000000,0.000000,0.000000,
20210702 09:37:04.2557,1.076141,0.652124,2.092346,-2.079553,0.000000,0.000000,0.000000,0.000000,
20210702 09:37:04.2657,1.078436,0.652063,2.092346,-2.079553,0.000000,0.000000,0.000000,0.000000,
20210702 09:37:04.2757,1.074036,0.647382,2.092346,-2.079553,0.000000,0.000000,0.000000,0.000000,
20210702 09:37:04.2857,1.078882,0.647699,2.092346,-2.079553,0.000000,0.000000,0.000000,0.000000,
20210702 09:37:04.2957,1.078625,0.650482,2.092346,-2.079553,0.000000,0.000000,0.000000,0.000000,
20210702 09:37:04.3057,1.073975,0.649023,2.092346,-2.079553,0.000000,0.000000,0.000000,0.000000,
20210702 09:37:04.3157,1.076971,0.649847,2.092346,-2.079553,0.000000,0.000000,0.000000,0.000000,
20210702 09:37:04.3267,1.071167,0.649719,2.092346,-2.079553,0.000000,0.000000,0.000000,0.000000,
20210702 09:37:04.3367,1.071234,0.649847,2.092346,-2.079553,0.000000,0.000000,0.000000,0.000000,
20210702 09:37:04.3467,1.078247,0.651178,2.092346,-2.079553,0.000000,0.000000,0.000000,0.000000,
20210702 09:37:04.3567,1.078436,0.649658,2.092346,-2.079553,0.000000,0.000000,0.000000,0.000000,
20210702 09:37:04.3667,1.071741,0.651306,2.092346,-2.079553,0.000000,0.000000,0.000000,0.000000,
20210702 09:37:04.3767,1.079199,0.649469,2.092346,-2.079553,0.000000,0.000000,0.000000,0.000000,
20210702 09:37:04.3867,1.079327,0.650922,2.092346,-2.079553,0.000000,0.000000,0.000000,0.000000,
20210702 09:37:04.3967,1.077228,0.649213,2.092346,-2.079553,0.000000,0.000000,0.000000,0.000000,
20210702 09:37:04.4067,1.077356,0.650989,2.092346,-2.079553,0.000000,0.000000,0.000000,0.000000,
20210702 09:37:04.4167,1.077032,0.647760,2.092346,-2.079553,0.000000,0.000000,0.000000,0.000000,
20210702 09:37:04.4267,1.077863,0.650861,2.092346,-2.079553,0.000000,0.000000,0.000000,0.000000,
20210702 09:37:04.4367,1.076141,0.649597,2.092346,-2.079553,0.000000,0.000000,0.000000,0.000000,
20210702 09:37:04.4467,1.070148,0.650543,2.092346,-2.079553,0.000000,0.000000,0.000000,0.000000,
20210702 09:37:04.4567,1.075696,0.645038,2.092346,-2.079553,0.000000,0.000000,0.000000,0.000000,
20210702 09:37:04.4667,1.078308,0.649786,2.092346,-2.079553,0.000000,0.000000,0.000000,0.000000,
20210702 09:37:04.4767,1.068872,0.651807,2.092346,-2.079553,0.000000,0.000000,0.000000,0.000000,
20210702 09:37:04.4867,1.077802,0.650293,2.092346,-2.079553,0.000000,0.000000,0.000000,0.000000,
20210702 09:37:04.4967,1.075055,0.649658,2.092346,-2.079553,0.000000,0.000000,0.000000,0.000000,
20210702 09:37:04.5067,1.073975,0.650861,2.092346,-2.079553,0.000000,0.000000,0.000000,0.000000,
20210702 09:37:04.5167,1.075378,0.648834,2.092346,-2.079553,0.000000,0.000000,0.000000,0.000000,
20210702 09:37:04.5291,1.072125,0.645801,2.092346,-2.079553,0.000000,0.000000,0.000000,0.000000,
20210702 09:37:04.5391,1.076526,0.650226,2.092346,-2.079553,0.000000,0.000000,0.000000,0.000000,
20210702 09:37:04.5491,1.073590,0.650037,2.092346,-2.079553,0.000000,0.000000,0.000000,0.000000,
20210702 09:37:04.5591,1.077032,0.650104,2.092346,-2.079553,0.000000,0.000000,0.000000,0.000000,
20210702 09:37:04.5691,1.076971,0.648456,2.092346,-2.079553,0.000000,0.000000,0.000000,0.000000,
20210702 09:37:04.5791,1.077802,0.652313,2.092346,-2.079553,0.000000,0.000000,0.000000,0.000000,
20210702 09:37:04.5891,1.077228,0.649786,2.092346,-2.079553,0.000000,0.000000,0.000000,0.000000,
20210702 09:37:04.5991,1.077606,0.650104,2.092346,-2.079553,0.000000,0.000000,0.000000,0.000000,
20210702 09:37:04.6091,1.072699,0.648584,2.092346,-2.079553,0.000000,0.000000,0.000000,0.000000,
20210702 09:37:04.6191,1.078949,0.650989,2.092346,-2.079553,0.000000,0.000000,0.000000,0.000000,
20210702 09:37:04.6291,1.077673,0.649469,2.092346,-2.079553,0.000000,0.000000,0.000000,0.000000,
20210702 09:37:04.6391,1.068365,0.651746,2.092346,-2.079553,0.000000,0.000000,0.000000,0.000000,
20210702 09:37:04.6491,1.078625,0.646240,2.092346,-2.079553,0.000000,0.000000,0.000000,0.000000,
20210702 09:37:04.6591,1.075757,0.647382,2.092346,-2.079553,0.000000,0.000000,0.000000,0.000000,
20210702 09:37:04.6691,1.076141,0.645612,2.092346,-2.079553,0.000000,0.000000,0.000000,0.000000,
20210702 09:37:04.6791,1.069635,0.648834,2.092346,-2.079553,0.000000,0.000000,0.000000,0.000000,
20210702 09:37:04.6891,1.077228,0.649152,2.092346,-2.079553,0.000000,0.000000,0.000000,0.000000,
20210702 09:37:04.6991,1.078693,0.650293,2.092346,-2.079553,0.000000,0.000000,0.000000,0.000000,
20210702 09:37:04.7091,1.075757,0.648901,2.092346,-2.079553,0.000000,0.000000,0.000000,0.000000,
20210702 09:37:04.7191,1.071680,0.651556,2.092346,-2.079553,0.000000,0.000000,0.000000,0.000000,
20210702 09:37:04.7301,1.073462,0.648517,2.092346,-2.079553,0.000000,0.000000,0.000000,0.000000,
20210702 09:37:04.7401,1.078247,0.651556,2.092346,-2.079553,0.000000,0.000000,0.000000,0.000000,
20210702 09:37:04.7501,1.072827,0.647064,2.092346,-2.079553,0.000000,0.000000,0.000000,0.000000,
20210702 09:37:04.7601,1.077673,0.651685,2.092346,-2.079553,0.000000,0.000000,0.000000,0.000000,
20210702 09:37:04.7701,1.073462,0.647949,2.092346,-2.079553,0.000000,0.000000,0.000000,0.000000,
20210702 09:37:04.7801,1.069446,0.649213,2.092346,-2.079553,0.000000,0.000000,0.000000,0.000000,
20210702 09:37:04.7901,1.076459,0.648328,2.092346,-2.079553,0.000000,0.000000,0.000000,0.000000,
20210702 09:37:04.8001,1.072510,0.648645,2.092346,-2.079553,0.000000,0.000000,0.000000,0.000000,
20210702 09:37:04.8101,1.075696,0.649408,2.092346,-2.079553,0.000000,0.000000,0.000000,0.000000,
20210702 09:37:04.8201,1.075696,0.651495,2.092346,-2.079553,0.000000,0.000000,0.000000,0.000000,
20210702 09:37:04.8311,1.076202,0.648773,2.092346,-2.079553,0.000000,0.000000,0.000000,0.000000,
20210702 09:37:04.8411,1.076398,0.650732,2.092346,-2.079553,0.000000,0.000000,0.000000,0.000000,
20210702 09:37:04.8511,1.069958,0.649091,2.092346,-2.079553,0.000000,0.000000,0.000000,0.000000,
20210702 09:37:04.8611,1.077032,0.652631,2.092346,-2.079553,0.000000,0.000000,0.000000,0.000000,
20210702 09:37:04.8711,1.079779,0.648584,2.092346,-2.079553,0.000000,0.000000,0.000000,0.000000,
20210702 09:37:04.8811,1.078503,0.652252,2.092346,-2.079553,0.000000,0.000000,0.000000,0.000000,
20210702 09:37:04.8911,1.076904,0.648901,2.092346,-2.079553,0.000000,0.000000,0.000000,0.000000,
20210702 09:37:04.9011,1.079327,0.649341,2.092346,-2.079553,0.000000,0.000000,0.000000,0.000000,
20210702 09:37:04.9111,1.070404,0.648138,2.092346,-2.079553,0.000000,0.000000,0.000000,0.000000,
20210702 09:37:04.9211,1.072253,0.650922,2.092346,-2.079553,0.000000,0.000000,0.000000,0.000000,
20210702 09:37:04.9311,1.077802,0.646686,2.092346,-2.079553,0.000000,0.000000,0.000000,0.000000,
20210702 09:37:04.9325,1.069000,0.650610,2.092346,-2.079553,0.000000,0.000000,0.000000,0.000000,
20210702 09:37:04.9425,1.073718,0.648016,2.092346,-2.079553,0.000000,0.000000,0.000000,0.000000,
20210702 09:37:04.9525,1.076587,0.650671,2.092346,-2.079553,0.000000,0.000000,0.000000,0.000000,
20210702 09:37:04.9625,1.076654,0.649280,2.092346,-2.079553,0.000000,0.000000,0.000000,0.000000,
20210702 09:37:04.9725,1.068109,0.649213,2.092346,-2.079553,0.000000,0.000000,0.000000,0.000000,
20210702 09:37:04.9825,1.075122,0.651239,2.092346,-2.079553,0.000000,0.000000,0.000000,0.000000,
20210702 09:37:04.9925,1.077930,0.650800,2.092346,-2.079553,0.000000,0.000000,0.000000,0.000000,
20210702 09:37:05.0025,1.072186,0.645422,2.092346,-2.079553,0.000000,0.000000,0.000000,0.000000,
20210702 09:37:05.0125,1.075824,0.646686,2.092346,-2.079553,0.000000,0.000000,0.000000,0.000000,
20210702 09:37:05.0225,1.074164,0.651935,2.092346,-2.079553,0.000000,0.000000,0.000000,0.000000,
20210702 09:37:05.0343,1.076459,0.649719,2.092346,-2.079553,0.000000,0.000000,0.000000,0.000000,
20210702 09:37:05.0443,1.079327,0.646814,2.092346,-2.079553,0.000000,0.000000,0.000000,0.000000,
20210702 09:37:05.0543,1.074548,0.651807,2.092346,-2.079553,0.000000,0.000000,0.000000,0.000000,
20210702 09:37:05.0643,1.077606,0.649719,2.092346,-2.079553,0.000000,0.000000,0.000000,0.000000,
20210702 09:37:05.0743,1.072760,0.646179,2.092346,-2.079553,0.000000,0.000000,0.000000,0.000000,
20210702 09:37:05.0843,1.072699,0.651367,2.092346,-2.079553,0.000000,0.000000,0.000000,0.000000,
20210702 09:37:05.0943,1.077673,0.650037,2.092346,-2.079553,0.000000,0.000000,0.000000,0.000000,
20210702 09:37:05.1043,1.075311,0.650989,2.092346,-2.079553,0.000000,0.000000,0.000000,0.000000,
20210702 09:37:05.1143,1.075696,0.651050,2.092346,-2.079553,0.000000,0.000000,0.000000,0.000000,
20210702 09:37:05.1243,1.080988,0.650732,2.092346,-2.079553,0.000000,0.000000,0.000000,0.000000,
20210702 09:37:05.1359,1.077606,0.650226,2.092346,-2.079553,0.000000,0.000000,0.000000,0.000000,
20210702 09:37:05.1459,1.067664,0.650226,2.092346,-2.079553,0.000000,0.000000,0.000000,0.000000,
20210702 09:37:05.1559,1.075696,0.650037,2.092346,-2.079553,0.000000,0.000000,0.000000,0.000000,
20210702 09:37:05.1659,1.072827,0.649976,2.092346,-2.079553,0.000000,0.000000,0.000000,0.000000,
20210702 09:37:05.1759,1.077417,0.649597,2.092346,-2.079553,0.000000,0.000000,0.000000,0.000000,
20210702 09:37:05.1859,1.068872,0.649658,2.092346,-2.079553,0.000000,0.000000,0.000000,0.000000,
20210702 09:37:05.1959,1.074738,0.649719,2.092346,-2.079553,0.000000,0.000000,0.000000,0.000000,
20210702 09:37:05.2059,1.077802,0.646747,2.092346,-2.079553,0.000000,0.000000,0.000000,0.000000,
20210702 09:37:05.2159,1.079199,0.651239,2.092346,-2.079553,0.000000,0.000000,0.000000,0.000000,
20210702 09:37:05.2259,1.076141,0.650482,2.092346,-2.079553,0.000000,0.000000,0.000000,0.000000,
20210702 09:37:05.2359,1.076654,0.649976,2.092346,-2.079553,0.000000,0.000000,0.000000,0.000000,
20210702 09:37:05.2459,1.071936,0.648328,2.092346,-2.079553,0.000000,0.000000,0.000000,0.000000,
20210702 09:37:05.2559,1.067792,0.650610,2.092346,-2.079553,0.000000,0.000000,0.000000,0.000000,
20210702 09:37:05.2659,1.073590,0.650415,2.092346,-2.079553,0.000000,0.000000,0.000000,0.000000,
20210702 09:37:05.2759,1.071039,0.649658,2.092346,-2.079553,0.000000,0.000000,0.000000,0.000000,
20210702 09:37:05.2859,1.078821,0.645612,2.092346,-2.079553,0.000000,0.000000,0.000000,0.000000,
20210702 09:37:05.2959,1.074933,0.649847,2.092346,-2.079553,0.000000,0.000000,0.000000,0.000000,
20210702 09:37:05.3059,1.076971,0.651746,2.092346,-2.079553,0.000000,0.000000,0.000000,0.000000,
20210702 09:37:05.3159,1.068616,0.651306,2.092346,-2.079553,0.000000,0.000000,0.000000,0.000000,
20210702 09:37:05.3259,1.072125,0.645801,2.092346,-2.079553,0.000000,0.000000,0.000000,0.000000,
20210702 09:37:05.3387,1.072699,0.651746,2.092346,-2.079553,0.000000,0.000000,0.000000,0.000000,
20210702 09:37:05.3487,1.069189,0.650354,2.092346,-2.079553,0.000000,0.000000,0.000000,0.000000,
20210702 09:37:05.3587,1.073334,0.651807,2.092346,-2.079553,0.000000,0.000000,0.000000,0.000000,
20210702 09:37:05.3687,1.078247,0.650226,2.092346,-2.079553,0.000000,0.000000,0.000000,0.000000,
20210702 09:37:05.3787,1.079266,0.652063,2.092346,-2.079553,0.000000,0.000000,0.000000,0.000000,
20210702 09:37:05.3887,1.076526,0.650543,2.092346,-2.079553,0.000000,0.000000,0.000000,0.000000,
20210702 09:37:05.3987,1.073590,0.651050,2.092346,-2.079553,0.000000,0.000000,0.000000,0.000000,
20210702 09:37:05.4087,1.076587,0.649213,2.092346,-2.079553,0.000000,0.000000,0.000000,0.000000,
20210702 09:37:05.4187,1.076715,0.646179,2.092346,-2.079553,0.000000,0.000000,0.000000,0.000000,
20210702 09:37:05.4287,1.079901,0.650800,2.092346,-2.079553,0.000000,0.000000,0.000000,0.000000,
20210702 09:37:05.4398,1.078247,0.650922,2.092346,-2.079553,0.000000,0.000000,0.000000,0.000000,
20210702 09:37:05.4498,1.076587,0.650226,2.092346,-2.079553,0.000000,0.000000,0.000000,0.000000,
20210702 09:37:05.4598,1.077356,0.647632,2.092346,-2.079553,0.000000,0.000000,0.000000,0.000000,
20210702 09:37:05.4698,1.076526,0.650415,2.092346,-2.079553,0.000000,0.000000,0.000000,0.000000,
20210702 09:37:05.4798,1.076013,0.651428,2.092346,-2.079553,0.000000,0.000000,0.000000,0.000000,
20210702 09:37:05.4898,1.078882,0.653198,2.092346,-2.079553,0.000000,0.000000,0.000000,0.000000,
20210702 09:37:05.4998,1.079395,0.651935,2.092346,-2.079553,0.000000,0.000000,0.000000,0.000000,
20210702 09:37:05.5098,1.073334,0.650165,2.092346,-2.079553,0.000000,0.000000,0.000000,0.000000,
20210702 09:37:05.5198,1.079456,0.649976,2.092346,-2.079553,0.000000,0.000000,0.000000,0.000000,
20210702 09:37:05.5298,1.068555,0.650732,2.092346,-2.079553,0.000000,0.000000,0.000000,0.000000,
20210702 09:37:05.5427,1.074292,0.650732,2.092346,-2.079553,0.000000,0.000000,0.000000,0.000000,
20210702 09:37:05.5527,1.072125,0.649091,2.092346,-2.079553,0.000000,0.000000,0.000000,0.000000,
20210702 09:37:05.5627,1.074933,0.648712,2.092346,-2.079553,0.000000,0.000000,0.000000,0.000000,
20210702 09:37:05.5727,1.071936,0.651556,2.092346,-2.079553,0.000000,0.000000,0.000000,0.000000,
20210702 09:37:05.5827,1.073529,0.649847,2.092346,-2.079553,0.000000,0.000000,0.000000,0.000000,
20210702 09:37:05.5927,1.068109,0.651178,2.092346,-2.079553,0.000000,0.000000,0.000000,0.000000,
20210702 09:37:05.6027,1.069257,0.648901,2.092346,-2.079553,0.000000,0.000000,0.000000,0.000000,
20210702 09:37:05.6127,1.076782,0.646368,2.092346,-2.079553,0.000000,0.000000,0.000000,0.000000,
20210702 09:37:05.6227,1.071741,0.648901,2.092346,-2.079553,0.000000,0.000000,0.000000,0.000000,
20210702 09:37:05.6327,1.077673,0.653644,2.092346,-2.079553,0.000000,0.000000,0.000000,0.000000,
20210702 09:37:05.6427,1.068939,0.648584,2.092346,-2.079553,0.000000,0.000000,0.000000,0.000000,
20210702 09:37:05.6447,1.078375,0.650037,2.092346,-2.079553,0.000000,0.000000,0.000000,0.000000,
20210702 09:37:05.6547,1.071613,0.649847,2.092346,-2.079553,0.000000,0.000000,0.000000,0.000000,
20210702 09:37:05.6647,1.072888,0.651428,2.092346,-2.079553,0.000000,0.000000,0.000000,0.000000,
20210702 09:37:05.6747,1.075183,0.647760,2.092346,-2.079553,0.000000,0.000000,0.000000,0.000000,
20210702 09:37:05.6847,1.067981,0.650165,2.092346,-2.079553,0.000000,0.000000,0.000000,0.000000,
20210702 09:37:05.6947,1.074481,0.649976,2.092346,-2.079553,0.000000,0.000000,0.000000,0.000000,
20210702 09:37:05.7047,1.078564,0.652252,2.092346,-2.079553,0.000000,0.000000,0.000000,0.000000,
20210702 09:37:05.7147,1.078949,0.647888,2.092346,-2.079553,0.000000,0.000000,0.000000,0.000000,
20210702 09:37:05.7247,1.077356,0.647699,2.092346,-2.079553,0.000000,0.000000,0.000000,0.000000,
20210702 09:37:05.7347,1.077100,0.647125,2.092346,-2.079553,0.000000,0.000000,0.000000,0.000000,
20210702 09:37:05.7487,1.083600,0.651617,2.092346,-2.079553,0.000000,0.000000,0.000000,0.000000,
20210702 09:37:05.7587,1.079901,0.648267,2.092346,-2.079553,0.000000,0.000000,0.000000,0.000000,
20210702 09:37:05.7687,1.075183,0.650354,2.092346,-2.079553,0.000000,0.000000,0.000000,0.000000,
20210702 09:37:05.7787,1.075055,0.651617,2.092346,-2.079553,0.000000,0.000000,0.000000,0.000000,
20210702 09:37:05.7887,1.071484,0.651807,2.092346,-2.079553,0.000000,0.000000,0.000000,0.000000,
20210702 09:37:05.7987,1.068939,0.649091,2.092346,-2.079553,0.000000,0.000000,0.000000,0.000000,
20210702 09:37:05.8087,1.076141,0.652191,2.092346,-2.079553,0.000000,0.000000,0.000000,0.000000,
20210702 09:37:05.8187,1.077673,0.647821,2.092346,-2.079553,0.000000,0.000000,0.000000,0.000000,
20210702 09:37:05.8287,1.072443,0.652380,2.092346,-2.079553,0.000000,0.000000,0.000000,0.000000,
20210702 09:37:05.8387,1.071869,0.648712,2.092346,-2.079553,0.000000,0.000000,0.000000,0.000000,
20210702 09:37:05.8498,1.076270,0.650861,2.092346,-2.079553,0.000000,0.000000,0.000000,0.000000,
20210702 09:37:05.8598,1.077606,0.649597,2.092346,-2.079553,0.000000,0.000000,0.000000,0.000000,
20210702 09:37:05.8698,1.074805,0.646747,2.092346,-2.079553,0.000000,0.000000,0.000000,0.000000,
20210702 09:37:05.8798,1.076526,0.647510,2.092346,-2.079553,0.000000,0.000000,0.000000,0.000000,
20210702 09:37:05.8898,1.074359,0.650293,2.092346,-2.079553,0.000000,0.000000,0.000000,0.000000,
20210702 09:37:05.8998,1.079199,0.649976,2.092346,-2.079553,0.000000,0.000000,0.000000,0.000000,
20210702 09:37:05.9098,1.073785,0.651050,2.092346,-2.079553,0.000000,0.000000,0.000000,0.000000,
20210702 09:37:05.9198,1.077673,0.648584,2.092346,-2.079553,0.000000,0.000000,0.000000,0.000000,
20210702 09:37:05.9298,1.076715,0.651111,2.092346,-2.079553,0.000000,0.000000,0.000000,0.000000,
20210702 09:37:05.9398,1.073718,0.649152,2.092346,-2.079553,0.000000,0.000000,0.000000,0.000000,
20210702 09:37:05.9497,1.074866,0.649847,2.092346,-2.079553,0.000000,0.000000,0.000000,0.000000,
20210702 09:37:05.9597,1.078180,0.650482,2.092346,-2.079553,0.000000,0.000000,0.000000,0.000000,
20210702 09:37:05.9697,1.068488,0.650226,2.092346,-2.079553,0.000000,0.000000,0.000000,0.000000,
20210702 09:37:05.9797,1.071484,0.649597,2.092346,-2.079553,0.000000,0.000000,0.000000,0.000000,
20210702 09:37:05.9897,1.078821,0.649091,2.092346,-2.079553,0.000000,0.000000,0.000000,0.000000,
20210702 09:37:05.9997,1.071936,0.650165,2.092346,-2.079553,0.000000,0.000000,0.000000,0.000000,
20210702 09:37:06.0097,1.080225,0.650922,2.092346,-2.079553,0.000000,0.000000,0.000000,0.000000,
20210702 09:37:06.0197,1.076715,0.645612,2.092346,-2.079553,0.000000,0.000000,0.000000,0.000000,
20210702 09:37:06.0297,1.073590,0.649530,2.092346,-2.079553,0.000000,0.000000,0.000000,0.000000,
20210702 09:37:06.0397,1.077991,0.650104,2.092346,-2.079553,0.000000,0.000000,0.000000,0.000000,
20210702 09:37:06.0507,1.072058,0.651306,2.092346,-2.079553,0.000000,0.000000,0.000000,0.000000,
20210702 09:37:06.0607,1.077356,0.648712,2.092346,-2.079553,0.000000,0.000000,0.000000,0.000000,
20210702 09:37:06.0707,1.076331,0.650543,2.092346,-2.079553,0.000000,0.000000,0.000000,0.000000,
20210702 09:37:06.0807,1.073462,0.650293,2.092346,-2.079553,0.000000,0.000000,0.000000,0.000000,
20210702 09:37:06.0907,1.072125,0.649658,2.092346,-2.079553,0.000000,0.000000,0.000000,0.000000,
20210702 09:37:06.1007,1.076654,0.651685,2.092346,-2.079553,0.000000,0.000000,0.000000,0.000000,
20210702 09:37:06.1107,1.077930,0.649530,2.092346,-2.079553,0.000000,0.000000,0.000000,0.000000,
20210702 09:37:06.1207,1.076398,0.651807,2.092346,-2.079553,0.000000,0.000000,0.000000,0.000000,
20210702 09:37:06.1307,1.076526,0.649023,2.092346,-2.079553,0.000000,0.000000,0.000000,0.000000,
20210702 09:37:06.1407,1.077356,0.650800,2.092346,-2.079553,0.000000,0.000000,0.000000,0.000000,
20210702 09:37:06.1537,1.078375,0.649908,2.092346,-2.079553,0.000000,0.000000,0.000000,0.000000,
20210702 09:37:06.1637,1.069061,0.651367,2.092346,-2.079553,0.000000,0.000000,0.000000,0.000000,
20210702 09:37:06.1737,1.070789,0.649530,2.092346,-2.079553,0.000000,0.000000,0.000000,0.000000,
20210702 09:37:06.1837,1.072314,0.652570,2.092346,-2.079553,0.000000,0.000000,0.000000,0.000000,
20210702 09:37:06.1937,1.068109,0.649341,2.092346,-2.079553,0.000000,0.000000,0.000000,0.000000,
20210702 09:37:06.2037,1.073785,0.651556,2.092346,-2.079553,0.000000,0.000000,0.000000,0.000000,
20210702 09:37:06.2137,1.078119,0.649341,2.092346,-2.079553,0.000000,0.000000,0.000000,0.000000,
20210702 09:37:06.2237,1.076587,0.650861,2.092346,-2.079553,0.000000,0.000000,0.000000,0.000000,
20210702 09:37:06.2337,1.069574,0.646686,2.092346,-2.079553,0.000000,0.000000,0.000000,0.000000,
20210702 09:37:06.2437,1.078693,0.651428,2.092346,-2.079553,0.000000,0.000000,0.000000,0.000000,
20210702 09:37:06.2537,1.073975,0.649408,2.092346,-2.079553,0.000000,0.000000,0.000000,0.000000,
20210702 09:37:06.2577,1.073846,0.650671,2.092346,-2.079553,0.000000,0.000000,0.000000,0.000000,
20210702 09:37:06.2677,1.068237,0.648206,2.092346,-2.079553,0.000000,0.000000,0.000000,0.000000,
20210702 09:37:06.2777,1.073083,0.652502,2.092346,-2.079553,0.000000,0.000000,0.000000,0.000000,
20210702 09:37:06.2877,1.069763,0.649280,2.092346,-2.079553,0.000000,0.000000,0.000000,0.000000,
20210702 09:37:06.2977,1.081433,0.651367,2.092346,-2.079553,0.000000,0.000000,0.000000,0.000000,
20210702 09:37:06.3077,1.078436,0.649597,2.092346,-2.079553,0.000000,0.000000,0.000000,0.000000,
20210702 09:37:06.3177,1.077228,0.650165,2.092346,-2.079553,0.000000,0.000000,0.000000,0.000000,
20210702 09:37:06.3277,1.068427,0.650226,2.092346,-2.079553,0.000000,0.000000,0.000000,0.000000,
20210702 09:37:06.3377,1.078949,0.651807,2.092346,-2.079553,0.000000,0.000000,0.000000,0.000000,
20210702 09:37:06.3477,1.075122,0.648962,2.092346,-2.079553,0.000000,0.000000,0.000000,0.000000,
20210702 09:37:06.3575,1.073907,0.652570,2.092346,-2.079553,0.000000,0.000000,0.000000,0.000000,
20210702 09:37:06.3675,1.070020,0.648584,2.092346,-2.079553,0.000000,0.000000,0.000000,0.000000,
20210702 09:37:06.3775,1.077161,0.650861,2.092346,-2.079553,0.000000,0.000000,0.000000,0.000000,
20210702 09:37:06.3875,1.074359,0.646240,2.092346,-2.079553,0.000000,0.000000,0.000000,0.000000,
20210702 09:37:06.3975,1.072058,0.652441,2.092346,-2.079553,0.000000,0.000000,0.000000,0.000000,
20210702 09:37:06.4075,1.076331,0.648962,2.092346,-2.079553,0.000000,0.000000,0.000000,0.000000,
20210702 09:37:06.4175,1.079901,0.648584,2.092346,-2.079553,0.000000,0.000000,0.000000,0.000000,
20210702 09:37:06.4275,1.072186,0.650482,2.092346,-2.079553,0.000000,0.000000,0.000000,0.000000,
20210702 09:37:06.4375,1.075439,0.650037,2.092346,-2.079553,0.000000,0.000000,0.000000,0.000000,
20210702 09:37:06.4475,1.075629,0.648395,2.092346,-2.079553,0.000000,0.000000,0.000000,0.000000,
20210702 09:37:06.4599,1.077930,0.651617,2.092346,-2.079553,0.000000,0.000000,0.000000,0.000000,
20210702 09:37:06.4699,1.067151,0.648016,2.092346,-2.079553,0.000000,0.000000,0.000000,0.000000,
20210702 09:37:06.4799,1.078052,0.651306,2.092346,-2.079553,0.000000,0.000000,0.000000,0.000000,
20210702 09:37:06.4899,1.074420,0.649597,2.092346,-2.079553,0.000000,0.000000,0.000000,0.000000,
20210702 09:37:06.4999,1.076141,0.651807,2.092346,-2.079553,0.000000,0.000000,0.000000,0.000000,
20210702 09:37:06.5099,1.072314,0.647632,2.092346,-2.079553,0.000000,0.000000,0.000000,0.000000,
20210702 09:37:06.5199,1.076782,0.650226,2.092346,-2.079553,0.000000,0.000000,0.000000,0.000000,
20210702 09:37:06.5299,1.076587,0.649152,2.092346,-2.079553,0.000000,0.000000,0.000000,0.000000,
20210702 09:37:06.5399,1.070660,0.652124,2.092346,-2.079553,0.000000,0.000000,0.000000,0.000000,
20210702 09:37:06.5499,1.071106,0.648456,2.092346,-2.079553,0.000000,0.000000,0.000000,0.000000,
20210702 09:37:06.5599,1.069513,0.652631,2.092346,-2.079553,0.000000,0.000000,0.000000,0.000000,
20210702 09:37:06.5699,1.068298,0.648962,2.092346,-2.079553,0.000000,0.000000,0.000000,0.000000,
20210702 09:37:06.5799,1.074164,0.650732,2.092346,-2.079553,0.000000,0.000000,0.000000,0.000000,
20210702 09:37:06.5899,1.077417,0.649597,2.092346,-2.079553,0.000000,0.000000,0.000000,0.000000,
20210702 09:37:06.5999,1.070850,0.652820,2.092346,-2.079553,0.000000,0.000000,0.000000,0.000000,
20210702 09:37:06.6099,1.072125,0.648584,2.092346,-2.079553,0.000000,0.000000,0.000000,0.000000,
20210702 09:37:06.6199,1.075952,0.650104,2.092346,-2.079553,0.000000,0.000000,0.000000,0.000000,
20210702 09:37:06.6299,1.076270,0.646619,2.092346,-2.079553,0.000000,0.000000,0.000000,0.000000,
20210702 09:37:06.6399,1.075507,0.651746,2.092346,-2.079553,0.000000,0.000000,0.000000,0.000000,
20210702 09:37:06.6499,1.073462,0.648456,2.092346,-2.079553,0.000000,0.000000,0.000000,0.000000,
20210702 09:37:06.6605,1.077356,0.649976,2.092346,-2.079553,0.000000,0.000000,0.000000,0.000000,
20210702 09:37:06.6705,1.068744,0.650800,2.092346,-2.079553,0.000000,0.000000,0.000000,0.000000,
20210702 09:37:06.6805,1.071039,0.651367,2.092346,-2.079553,0.000000,0.000000,0.000000,0.000000,
20210702 09:37:06.6905,1.076904,0.650482,2.092346,-2.079553,0.000000,0.000000,0.000000,0.000000,
20210702 09:37:06.7005,1.068488,0.652252,2.092346,-2.079553,0.000000,0.000000,0.000000,0.000000,
20210702 09:37:06.7105,1.078180,0.649408,2.092346,-2.079553,0.000000,0.000000,0.000000,0.000000,
20210702 09:37:06.7205,1.077032,0.650482,2.092346,-2.079553,0.000000,0.000000,0.000000,0.000000,
20210702 09:37:06.7305,1.073529,0.649023,2.092346,-2.079553,0.000000,0.000000,0.000000,0.000000,
20210702 09:37:06.7405,1.075439,0.650415,2.092346,-2.079553,0.000000,0.000000,0.000000,0.000000,
20210702 09:37:06.7505,1.070209,0.649091,2.092346,-2.079553,0.000000,0.000000,0.000000,0.000000,
20210702 09:37:06.7611,1.079266,0.650415,2.092346,-2.079553,0.000000,0.000000,0.000000,0.000000,
20210702 09:37:06.7711,1.073529,0.650922,2.092346,-2.079553,0.000000,0.000000,0.000000,0.000000,
20210702 09:37:06.7811,1.078625,0.650165,2.092346,-2.079553,0.000000,0.000000,0.000000,0.000000,
20210702 09:37:06.7911,1.076782,0.649719,2.092346,-2.079553,0.000000,0.000000,0.000000,0.000000,
20210702 09:37:06.8011,1.072253,0.651935,2.092346,-2.079553,0.000000,0.000000,0.000000,0.000000,
20210702 09:37:06.8111,1.077356,0.650165,2.092346,-2.079553,0.000000,0.000000,0.000000,0.000000,
20210702 09:37:06.8211,1.073975,0.649847,2.092346,-2.079553,0.000000,0.000000,0.000000,0.000000,
20210702 09:37:06.8311,1.068683,0.649213,2.092346,-2.079553,0.000000,0.000000,0.000000,0.000000,
20210702 09:37:06.8411,1.074933,0.650543,2.092346,-2.079553,0.000000,0.000000,0.000000,0.000000,
20210702 09:37:06.8511,1.073657,0.649847,2.092346,-2.079553,0.000000,0.000000,0.000000,0.000000,
20210702 09:37:06.8611,1.068488,0.650165,2.092346,-2.079553,0.000000,0.000000,0.000000,0.000000,
20210702 09:37:06.8619,1.072253,0.649719,2.092346,-2.079553,0.000000,0.000000,0.000000,0.000000,
20210702 09:37:06.8719,1.074103,0.650165,2.092346,-2.079553,0.000000,0.000000,0.000000,0.000000,
20210702 09:37:06.8819,1.071808,0.649719,2.092346,-2.079553,0.000000,0.000000,0.000000,0.000000,
20210702 09:37:06.8919,1.075952,0.650165,2.092346,-2.079553,0.000000,0.000000,0.000000,0.000000,
20210702 09:37:06.9019,1.073145,0.651111,2.092346,-2.079553,0.000000,0.000000,0.000000,0.000000,
20210702 09:37:06.9119,1.076587,0.650037,2.092346,-2.079553,0.000000,0.000000,0.000000,0.000000,
20210702 09:37:06.9219,1.068109,0.649719,2.092346,-2.079553,0.000000,0.000000,0.000000,0.000000,
20210702 09:37:06.9319,1.076013,0.648395,2.092346,-2.079553,0.000000,0.000000,0.000000,0.000000,
20210702 09:37:06.9419,1.069891,0.651050,2.092346,-2.079553,0.000000,0.000000,0.000000,0.000000,
20210702 09:37:06.9519,1.074548,0.649280,2.092346,-2.079553,0.000000,0.000000,0.000000,0.000000,
20210702 09:37:06.9618,1.080927,0.651685,2.092346,-2.079553,0.000000,0.000000,0.000000,0.000000,
20210702 09:37:06.9718,1.078308,0.649786,2.092346,-2.079553,0.000000,0.000000,0.000000,0.000000,
20210702 09:37:06.9818,1.078247,0.650415,2.092346,-2.079553,0.000000,0.000000,0.000000,0.000000,
20210702 09:37:06.9918,1.078119,0.648901,2.092346,-2.079553,0.000000,0.000000,0.000000,0.000000,
20210702 09:37:07.0018,1.076654,0.652502,2.092346,-2.079553,0.000000,0.000000,0.000000,0.000000,
20210702 09:37:07.0118,1.074103,0.648517,2.092346,-2.079553,0.000000,0.000000,0.000000,0.000000,
20210702 09:37:07.0218,1.069446,0.651367,2.092346,-2.079553,0.000000,0.000000,0.000000,0.000000,
20210702 09:37:07.0318,1.074292,0.648456,2.092346,-2.079553,0.000000,0.000000,0.000000,0.000000,
20210702 09:37:07.0418,1.077802,0.652191,2.092346,-2.079553,0.000000,0.000000,0.000000,0.000000,
20210702 09:37:07.0518,1.075507,0.648077,2.092346,-2.079553,0.000000,0.000000,0.000000,0.000000,
20210702 09:37:07.0642,1.074420,0.651178,2.092346,-2.079553,0.000000,0.000000,0.000000,0.000000,
20210702 09:37:07.0742,1.077673,0.648016,2.092346,-2.079553,0.000000,0.000000,0.000000,0.000000,
20210702 09:37:07.0842,1.077228,0.650354,2.092346,-2.079553,0.000000,0.000000,0.000000,0.000000,
20210702 09:37:07.0942,1.074866,0.647888,2.092346,-2.079553,0.000000,0.000000,0.000000,0.000000,
20210702 09:37:07.1042,1.072888,0.651306,2.092346,-2.079553,0.000000,0.000000,0.000000,0.000000,
20210702 09:37:07.1142,1.077802,0.646814,2.092346,-2.079553,0.000000,0.000000,0.000000,0.000000,
20210702 09:37:07.1242,1.071680,0.652570,2.092346,-2.079553,0.000000,0.000000,0.000000,0.000000,
20210702 09:37:07.1342,1.072253,0.649658,2.092346,-2.079553,0.000000,0.000000,0.000000,0.000000,
20210702 09:37:07.1442,1.077545,0.651807,2.092346,-2.079553,0.000000,0.000000,0.000000,0.000000,
20210702 09:37:07.1542,1.076587,0.649152,2.092346,-2.079553,0.000000,0.000000,0.000000,0.000000,
20210702 09:37:07.1672,1.077930,0.652002,2.092346,-2.079553,0.000000,0.000000,0.000000,0.000000,
20210702 09:37:07.1772,1.077545,0.649152,2.092346,-2.079553,0.000000,0.000000,0.000000,0.000000,
20210702 09:37:07.1872,1.076654,0.652820,2.092346,-2.079553,0.000000,0.000000,0.000000,0.000000,
20210702 09:37:07.1972,1.072955,0.649530,2.092346,-2.079553,0.000000,0.000000,0.000000,0.000000,
20210702 09:37:07.2072,1.076843,0.649786,2.092346,-2.079553,0.000000,0.000000,0.000000,0.000000,
20210702 09:37:07.2172,1.075055,0.647821,2.092346,-2.079553,0.000000,0.000000,0.000000,0.000000,
20210702 09:37:07.2272,1.073083,0.652441,2.092346,-2.079553,0.000000,0.000000,0.000000,0.000000,
20210702 09:37:07.2372,1.078503,0.650354,2.092346,-2.079553,0.000000,0.000000,0.000000,0.000000,
20210702 09:37:07.2472,1.075507,0.651178,2.092346,-2.079553,0.000000,0.000000,0.000000,0.000000,
20210702 09:37:07.2572,1.075824,0.647571,2.092346,-2.079553,0.000000,0.000000,0.000000,0.000000,
20210702 09:37:07.2687,1.076843,0.653076,2.092346,-2.079553,0.000000,0.000000,0.000000,0.000000,
20210702 09:37:07.2787,1.077356,0.649091,2.092346,-2.079553,0.000000,0.000000,0.000000,0.000000,
20210702 09:37:07.2887,1.072125,0.648456,2.092346,-2.079553,0.000000,0.000000,0.000000,0.000000,
20210702 09:37:07.2987,1.077930,0.649658,2.092346,-2.079553,0.000000,0.000000,0.000000,0.000000,
20210702 09:37:07.3087,1.076904,0.652002,2.092346,-2.079553,0.000000,0.000000,0.000000,0.000000,
20210702 09:37:07.3187,1.075696,0.648206,2.092346,-2.079553,0.000000,0.000000,0.000000,0.000000,
20210702 09:37:07.3287,1.074292,0.651050,2.092346,-2.079553,0.000000,0.000000,0.000000,0.000000,
20210702 09:37:07.3387,1.071295,0.647760,2.092346,-2.079553,0.000000,0.000000,0.000000,0.000000,
20210702 09:37:07.3487,1.077545,0.650165,2.092346,-2.079553,0.000000,0.000000,0.000000,0.000000,
20210702 09:37:07.3587,1.073907,0.647949,2.092346,-2.079553,0.000000,0.000000,0.000000,0.000000,
20210702 09:37:07.3712,1.077734,0.651874,2.092346,-2.079553,0.000000,0.000000,0.000000,0.000000,
20210702 09:37:07.3812,1.078247,0.649469,2.092346,-2.079553,0.000000,0.000000,0.000000,0.000000,
20210702 09:37:07.3912,1.073334,0.650165,2.092346,-2.079553,0.000000,0.000000,0.000000,0.000000,
20210702 09:37:07.4012,1.075824,0.649408,2.092346,-2.079553,0.000000,0.000000,0.000000,0.000000,
20210702 09:37:07.4112,1.078247,0.650415,2.092346,-2.079553,0.000000,0.000000,0.000000,0.000000,
20210702 09:37:07.4212,1.075629,0.649786,2.092346,-2.079553,0.000000,0.000000,0.000000,0.000000,
20210702 09:37:07.4312,1.077863,0.649908,2.092346,-2.079553,0.000000,0.000000,0.000000,0.000000,
20210702 09:37:07.4412,1.074933,0.649213,2.092346,-2.079553,0.000000,0.000000,0.000000,0.000000,
20210702 09:37:07.4512,1.076459,0.650610,2.092346,-2.079553,0.000000,0.000000,0.000000,0.000000,
20210702 09:37:07.4612,1.079266,0.649469,2.092346,-2.079553,0.000000,0.000000,0.000000,0.000000,
20210702 09:37:07.4712,1.074103,0.651367,2.092346,-2.079553,0.000000,0.000000,0.000000,0.000000,
20210702 09:37:07.4722,1.069574,0.649469,2.092346,-2.079553,0.000000,0.000000,0.000000,0.000000,
20210702 09:37:07.4822,1.073016,0.651178,2.092346,-2.079553,0.000000,0.000000,0.000000,0.000000,
20210702 09:37:07.4922,1.077802,0.648517,2.092346,-2.079553,0.000000,0.000000,0.000000,0.000000,
20210702 09:37:07.5022,1.074359,0.650037,2.092346,-2.079553,0.000000,0.000000,0.000000,0.000000,
20210702 09:37:07.5122,1.078564,0.651111,2.092346,-2.079553,0.000000,0.000000,0.000000,0.000000,
20210702 09:37:07.5222,1.073462,0.650037,2.092346,-2.079553,0.000000,0.000000,0.000000,0.000000,
20210702 09:37:07.5322,1.077032,0.650415,2.092346,-2.079553,0.000000,0.000000,0.000000,0.000000,
20210702 09:37:07.5422,1.069891,0.649786,2.092346,-2.079553,0.000000,0.000000,0.000000,0.000000,
20210702 09:37:07.5522,1.078882,0.650922,2.092346,-2.079553,0.000000,0.000000,0.000000,0.000000,
20210702 09:37:07.5622,1.076526,0.651367,2.092346,-2.079553,0.000000,0.000000,0.000000,0.000000,
20210702 09:37:07.5759,1.074548,0.649908,2.092346,-2.079553,0.000000,0.000000,0.000000,0.000000,
20210702 09:37:07.5859,1.075507,0.648584,2.092346,-2.079553,0.000000,0.000000,0.000000,0.000000,
20210702 09:37:07.5959,1.069513,0.650610,2.092346,-2.079553,0.000000,0.000000,0.000000,0.000000,
20210702 09:37:07.6059,1.077356,0.649976,2.092346,-2.079553,0.000000,0.000000,0.000000,0.000000,
20210702 09:37:07.6159,1.074933,0.650482,2.092346,-2.079553,0.000000,0.000000,0.000000,0.000000,
20210702 09:37:07.6259,1.075378,0.649719,2.092346,-2.079553,0.000000,0.000000,0.000000,0.000000,
20210702 09:37:07.6359,1.074420,0.650989,2.092346,-2.079553,0.000000,0.000000,0.000000,0.000000,
20210702 09:37:07.6459,1.075824,0.649976,2.092346,-2.079553,0.000000,0.000000,0.000000,0.000000,
20210702 09:37:07.6559,1.069189,0.651746,2.092346,-2.079553,0.000000,0.000000,0.000000,0.000000,
20210702 09:37:07.6659,1.073016,0.649847,2.092346,-2.079553,0.000000,0.000000,0.000000,0.000000,
20210702 09:37:07.6774,1.070209,0.650415,2.092346,-2.079553,0.000000,0.000000,0.000000,0.000000,
20210702 09:37:07.6874,1.075183,0.649786,2.092346,-2.079553,0.000000,0.000000,0.000000,0.000000,
20210702 09:37:07.6974,1.076202,0.650293,2.092346,-2.079553,0.000000,0.000000,0.000000,0.000000,
20210702 09:37:07.7074,1.075952,0.649786,2.092346,-2.079553,0.000000,0.000000,0.000000,0.000000,
20210702 09:37:07.7174,1.074164,0.650226,2.092346,-2.079553,0.000000,0.000000,0.000000,0.000000,
20210702 09:37:07.7274,1.075952,0.649280,2.092346,-2.079553,0.000000,0.000000,0.000000,0.000000,
20210702 09:37:07.7374,1.069702,0.650732,2.092346,-2.079553,0.000000,0.000000,0.000000,0.000000,
20210702 09:37:07.7474,1.077802,0.649658,2.092346,-2.079553,0.000000,0.000000,0.000000,0.000000,
20210702 09:37:07.7574,1.073718,0.648901,2.092346,-2.079553,0.000000,0.000000,0.000000,0.000000,
20210702 09:37:07.7674,1.077673,0.649341,2.092346,-2.079553,0.000000,0.000000,0.000000,0.000000,
20210702 09:37:07.7784,1.073975,0.651428,2.092346,-2.079553,0.000000,0.000000,0.000000,0.000000,
20210702 09:37:07.7884,1.072382,0.650293,2.092346,-2.079553,0.000000,0.000000,0.000000,0.000000,
20210702 09:37:07.7984,1.074359,0.650354,2.092346,-2.079553,0.000000,0.000000,0.000000,0.000000,
20210702 09:37:07.8084,1.079077,0.648773,2.092346,-2.079553,0.000000,0.000000,0.000000,0.000000,
20210702 09:37:07.8184,1.074231,0.651050,2.092346,-2.079553,0.000000,0.000000,0.000000,0.000000,
20210702 09:37:07.8284,1.073083,0.649023,2.092346,-2.079553,0.000000,0.000000,0.000000,0.000000,
20210702 09:37:07.8384,1.068488,0.650293,2.092346,-2.079553,0.000000,0.000000,0.000000,0.000000,
20210702 09:37:07.8484,1.077673,0.649530,2.092346,-2.079553,0.000000,0.000000,0.000000,0.000000,
20210702 09:37:07.8584,1.072827,0.647949,2.092346,-2.079553,0.000000,0.000000,0.000000,0.000000,
20210702 09:37:07.8684,1.077356,0.649847,2.092346,-2.079553,0.000000,0.000000,0.000000,0.000000,
20210702 09:37:07.8794,1.068872,0.649469,2.092346,-2.079553,0.000000,0.000000,0.000000,0.000000,
20210702 09:37:07.8894,1.075122,0.648901,2.092346,-2.079553,0.000000,0.000000,0.000000,0.000000,
20210702 09:37:07.8994,1.076843,0.651807,2.092346,-2.079553,0.000000,0.000000,0.000000,0.000000,
20210702 09:37:07.9094,1.078308,0.648267,2.092346,-2.079553,0.000000,0.000000,0.000000,0.000000,
20210702 09:37:07.9194,1.070337,0.650226,2.092346,-2.079553,0.000000,0.000000,0.000000,0.000000,
20210702 09:37:07.9294,1.076782,0.649908,2.092346,-2.079553,0.000000,0.000000,0.000000,0.000000,
20210702 09:37:07.9394,1.074420,0.650989,2.092346,-2.079553,0.000000,0.000000,0.000000,0.000000,
20210702 09:37:07.9494,1.072632,0.651050,2.092346,-2.079553,0.000000,0.000000,0.000000,0.000000,
20210702 09:37:07.9594,1.076331,0.649658,2.092346,-2.079553,0.000000,0.000000,0.000000,0.000000,
20210702 09:37:07.9694,1.073462,0.648267,2.092346,-2.079553,0.000000,0.000000,0.000000,0.000000,
20210702 09:37:07.9804,1.078503,0.650354,2.092346,-2.079553,0.000000,0.000000,0.000000,0.000000,
20210702 09:37:07.9904,1.078882,0.649908,2.092346,-2.079553,0.000000,0.000000,0.000000,0.000000,
20210702 09:37:08.0004,1.076270,0.651685,2.092346,-2.079553,0.000000,0.000000,0.000000,0.000000,
20210702 09:37:08.0104,1.077356,0.648206,2.092346,-2.079553,0.000000,0.000000,0.000000,0.000000,
20210702 09:37:08.0204,1.078564,0.653137,2.092346,-2.079553,0.000000,0.000000,0.000000,0.000000,
20210702 09:37:08.0304,1.077863,0.649786,2.092346,-2.079553,0.000000,0.000000,0.000000,0.000000,
20210702 09:37:08.0404,1.074866,0.650543,2.092346,-2.079553,0.000000,0.000000,0.000000,0.000000,
20210702 09:37:08.0504,1.074805,0.647571,2.092346,-2.079553,0.000000,0.000000,0.000000,0.000000,
20210702 09:37:08.0604,1.077478,0.650800,2.092346,-2.079553,0.000000,0.000000,0.000000,0.000000,
20210702 09:37:08.0704,1.078949,0.651239,2.092346,-2.079553,0.000000,0.000000,0.000000,0.000000,
20210702 09:37:08.0834,1.071997,0.650922,2.092346,-2.079553,0.000000,0.000000,0.000000,0.000000,
20210702 09:37:08.0934,1.073206,0.647510,2.092346,-2.079553,0.000000,0.000000,0.000000,0.000000,
20210702 09:37:08.1034,1.074292,0.650989,2.092346,-2.079553,0.000000,0.000000,0.000000,0.000000,
20210702 09:37:08.1134,1.081561,0.649091,2.092346,-2.079553,0.000000,0.000000,0.000000,0.000000,
20210702 09:37:08.1234,1.072314,0.650922,2.092346,-2.079553,0.000000,0.000000,0.000000,0.000000,
20210702 09:37:08.1334,1.071167,0.646558,2.092346,-2.079553,0.000000,0.000000,0.000000,0.000000,
20210702 09:37:08.1434,1.075311,0.650800,2.092346,-2.079553,0.000000,0.000000,0.000000,0.000000,
20210702 09:37:08.1534,1.071869,0.651111,2.092346,-2.079553,0.000000,0.000000,0.000000,0.000000,
20210702 09:37:08.1634,1.073462,0.649847,2.092346,-2.079553,0.000000,0.000000,0.000000,0.000000,
20210702 09:37:08.1734,1.076715,0.648962,2.092346,-2.079553,0.000000,0.000000,0.000000,0.000000,
20210702 09:37:08.1834,1.069574,0.652502,2.092346,-2.079553,0.000000,0.000000,0.000000,0.000000,
20210702 09:37:08.1855,1.076526,0.649152,2.092346,-2.079553,0.000000,0.000000,0.000000,0.000000,
20210702 09:37:08.1955,1.075885,0.652380,2.092346,-2.079553,0.000000,0.000000,0.000000,0.000000,
20210702 09:37:08.2055,1.077991,0.649469,2.092346,-2.079553,0.000000,0.000000,0.000000,0.000000,
20210702 09:37:08.2155,1.074164,0.650861,2.092346,-2.079553,0.000000,0.000000,0.000000,0.000000,
20210702 09:37:08.2255,1.075952,0.650226,2.092346,-2.079553,0.000000,0.000000,0.000000,0.000000,
20210702 09:37:08.2355,1.077161,0.651050,2.092346,-2.079553,0.000000,0.000000,0.000000,0.000000,
20210702 09:37:08.2455,1.080414,0.645544,2.092346,-2.079553,0.000000,0.000000,0.000000,0.000000,
20210702 09:37:08.2555,1.077100,0.651617,2.092346,-2.079553,0.000000,0.000000,0.000000,0.000000,
20210702 09:37:08.2655,1.075183,0.646875,2.092346,-2.079553,0.000000,0.000000,0.000000,0.000000,
20210702 09:37:08.2755,1.070660,0.650861,2.092346,-2.079553,0.000000,0.000000,0.000000,0.000000,
20210702 09:37:08.2885,1.069189,0.649091,2.092346,-2.079553,0.000000,0.000000,0.000000,0.000000,
20210702 09:37:08.2985,1.071167,0.649719,2.092346,-2.079553,0.000000,0.000000,0.000000,0.000000,
20210702 09:37:08.3085,1.071808,0.650922,2.092346,-2.079553,0.000000,0.000000,0.000000,0.000000,
20210702 09:37:08.3185,1.077032,0.646179,2.092346,-2.079553,0.000000,0.000000,0.000000,0.000000,
20210702 09:37:08.3285,1.079138,0.650800,2.092346,-2.079553,0.000000,0.000000,0.000000,0.000000,
20210702 09:37:08.3385,1.078052,0.650165,2.092346,-2.079553,0.000000,0.000000,0.000000,0.000000,
20210702 09:37:08.3485,1.068365,0.649408,2.092346,-2.079553,0.000000,0.000000,0.000000,0.000000,
20210702 09:37:08.3585,1.075629,0.647510,2.092346,-2.079553,0.000000,0.000000,0.000000,0.000000,
20210702 09:37:08.3685,1.070465,0.646875,2.092346,-2.079553,0.000000,0.000000,0.000000,0.000000,
20210702 09:37:08.3785,1.074738,0.650415,2.092346,-2.079553,0.000000,0.000000,0.000000,0.000000,
20210702 09:37:08.3898,1.075757,0.652759,2.092346,-2.079553,0.000000,0.000000,0.000000,0.000000,
20210702 09:37:08.3998,1.077100,0.648395,2.092346,-2.079553,0.000000,0.000000,0.000000,0.000000,
20210702 09:37:08.4098,1.076715,0.651306,2.092346,-2.079553,0.000000,0.000000,0.000000,0.000000,
20210702 09:37:08.4198,1.076904,0.646179,2.092346,-2.079553,0.000000,0.000000,0.000000,0.000000,
20210702 09:37:08.4298,1.077100,0.651556,2.092346,-2.079553,0.000000,0.000000,0.000000,0.000000,
20210702 09:37:08.4398,1.075250,0.648138,2.092346,-2.079553,0.000000,0.000000,0.000000,0.000000,
20210702 09:37:08.4498,1.073145,0.650800,2.092346,-2.079553,0.000000,0.000000,0.000000,0.000000,
20210702 09:37:08.4598,1.075696,0.649786,2.092346,-2.079553,0.000000,0.000000,0.000000,0.000000,
20210702 09:37:08.4698,1.077478,0.650482,2.092346,-2.079553,0.000000,0.000000,0.000000,0.000000,
20210702 09:37:08.4798,1.078625,0.649530,2.092346,-2.079553,0.000000,0.000000,0.000000,0.000000,
20210702 09:37:08.4900,1.069189,0.646558,2.092346,-2.079553,0.000000,0.000000,0.000000,0.000000,
20210702 09:37:08.5000,1.079395,0.648328,2.092346,-2.079553,0.000000,0.000000,0.000000,0.000000,
20210702 09:37:08.5100,1.077802,0.652002,2.092346,-2.079553,0.000000,0.000000,0.000000,0.000000,
20210702 09:37:08.5200,1.066388,0.648206,2.092346,-2.079553,0.000000,0.000000,0.000000,0.000000,
20210702 09:37:08.5300,1.072125,0.649719,2.092346,-2.079553,0.000000,0.000000,0.000000,0.000000,
20210702 09:37:08.5400,1.076141,0.647632,2.092346,-2.079553,0.000000,0.000000,0.000000,0.000000,
20210702 09:37:08.5500,1.076587,0.650415,2.092346,-2.079553,0.000000,0.000000,0.000000,0.000000,
20210702 09:37:08.5600,1.073462,0.649719,2.092346,-2.079553,0.000000,0.000000,0.000000,0.000000,
20210702 09:37:08.5700,1.070404,0.650543,2.092346,-2.079553,0.000000,0.000000,0.000000,0.000000,
20210702 09:37:08.5800,1.075378,0.650037,2.092346,-2.079553,0.000000,0.000000,0.000000,0.000000,
20210702 09:37:08.5913,1.077478,0.650732,2.092346,-2.079553,0.000000,0.000000,0.000000,0.000000,
20210702 09:37:08.6013,1.076080,0.648517,2.092346,-2.079553,0.000000,0.000000,0.000000,0.000000,
20210702 09:37:08.6113,1.074994,0.651239,2.092346,-2.079553,0.000000,0.000000,0.000000,0.000000,
20210702 09:37:08.6213,1.078503,0.649976,2.092346,-2.079553,0.000000,0.000000,0.000000,0.000000,
20210702 09:37:08.6313,1.074548,0.652002,2.092346,-2.079553,0.000000,0.000000,0.000000,0.000000,
20210702 09:37:08.6413,1.072760,0.649152,2.092346,-2.079553,0.000000,0.000000,0.000000,0.000000,
20210702 09:37:08.6513,1.077734,0.649341,2.092346,-2.079553,0.000000,0.000000,0.000000,0.000000,
20210702 09:37:08.6613,1.067981,0.648834,2.092346,-2.079553,0.000000,0.000000,0.000000,0.000000,
20210702 09:37:08.6713,1.071167,0.650293,2.092346,-2.079553,0.000000,0.000000,0.000000,0.000000,
20210702 09:37:08.6813,1.072382,0.649408,2.092346,-2.079553,0.000000,0.000000,0.000000,0.000000,
20210702 09:37:08.6913,1.076971,0.649597,2.092346,-2.079553,0.000000,0.000000,0.000000,0.000000,
20210702 09:37:08.6953,1.075378,0.648206,2.092346,-2.079553,0.000000,0.000000,0.000000,0.000000,
20210702 09:37:08.7053,1.077606,0.650543,2.092346,-2.079553,0.000000,0.000000,0.000000,0.000000,
20210702 09:37:08.7153,1.074420,0.649408,2.092346,-2.079553,0.000000,0.000000,0.000000,0.000000,
20210702 09:37:08.7253,1.070721,0.650989,2.092346,-2.079553,0.000000,0.000000,0.000000,0.000000,
20210702 09:37:08.7353,1.078308,0.649847,2.092346,-2.079553,0.000000,0.000000,0.000000,0.000000,
20210702 09:37:08.7453,1.073016,0.652063,2.092346,-2.079553,0.000000,0.000000,0.000000,0.000000,
20210702 09:37:08.7553,1.070148,0.648901,2.092346,-2.079553,0.000000,0.000000,0.000000,0.000000,
20210702 09:37:08.7653,1.077356,0.650922,2.092346,-2.079553,0.000000,0.000000,0.000000,0.000000,
20210702 09:37:08.7753,1.076843,0.649658,2.092346,-2.079553,0.000000,0.000000,0.000000,0.000000,
20210702 09:37:08.7853,1.071613,0.650732,2.092346,-2.079553,0.000000,0.000000,0.000000,0.000000,
20210702 09:37:08.7963,1.079523,0.650354,2.092346,-2.079553,0.000000,0.000000,0.000000,0.000000,
20210702 09:37:08.8063,1.075122,0.649597,2.092346,-2.079553,0.000000,0.000000,0.000000,0.000000,
20210702 09:37:08.8163,1.078693,0.650922,2.092346,-2.079553,0.000000,0.000000,0.000000,0.000000,
20210702 09:37:08.8263,1.076782,0.649469,2.092346,-2.079553,0.000000,0.000000,0.000000,0.000000,
20210702 09:37:08.8363,1.074994,0.650543,2.092346,-2.079553,0.000000,0.000000,0.000000,0.000000,
20210702 09:37:08.8463,1.078052,0.649658,2.092346,-2.079553,0.000000,0.000000,0.000000,0.000000,
20210702 09:37:08.8563,1.072382,0.650226,2.092346,-2.079553,0.000000,0.000000,0.000000,0.000000,
20210702 09:37:08.8663,1.072827,0.650293,2.092346,-2.079553,0.000000,0.000000,0.000000,0.000000,
20210702 09:37:08.8763,1.070721,0.649280,2.092346,-2.079553,0.000000,0.000000,0.000000,0.000000,
20210702 09:37:08.8863,1.078375,0.649847,2.092346,-2.079553,0.000000,0.000000,0.000000,0.000000,
20210702 09:37:08.8963,1.077161,0.649786,2.092346,-2.079553,0.000000,0.000000,0.000000,0.000000,
20210702 09:37:08.9063,1.066895,0.649408,2.092346,-2.079553,0.000000,0.000000,0.000000,0.000000,
20210702 09:37:08.9163,1.077478,0.649786,2.092346,-2.079553,0.000000,0.000000,0.000000,0.000000,
20210702 09:37:08.9263,1.077100,0.652002,2.092346,-2.079553,0.000000,0.000000,0.000000,0.000000,
20210702 09:37:08.9363,1.078503,0.650415,2.092346,-2.079553,0.000000,0.000000,0.000000,0.000000,
20210702 09:37:08.9463,1.078308,0.650732,2.092346,-2.079553,0.000000,0.000000,0.000000,0.000000,
20210702 09:37:08.9563,1.079395,0.649719,2.092346,-2.079553,0.000000,0.000000,0.000000,0.000000,
20210702 09:37:08.9663,1.079584,0.649469,2.092346,-2.079553,0.000000,0.000000,0.000000,0.000000,
20210702 09:37:08.9763,1.075311,0.649213,2.092346,-2.079553,0.000000,0.000000,0.000000,0.000000,
20210702 09:37:08.9863,1.072382,0.650037,2.092346,-2.079553,0.000000,0.000000,0.000000,0.000000,
20210702 09:37:08.9973,1.075311,0.651050,2.092346,-2.079553,0.000000,0.000000,0.000000,0.000000,
20210702 09:37:09.0073,1.076459,0.650922,2.092346,-2.079553,0.000000,0.000000,0.000000,0.000000,
20210702 09:37:09.0173,1.076141,0.648077,2.092346,-2.079553,0.000000,0.000000,0.000000,0.000000,
20210702 09:37:09.0273,1.068939,0.650861,2.092346,-2.079553,0.000000,0.000000,0.000000,0.000000,
20210702 09:37:09.0373,1.074292,0.650989,2.092346,-2.079553,0.000000,0.000000,0.000000,0.000000,
20210702 09:37:09.0473,1.078821,0.652313,2.092346,-2.079553,0.000000,0.000000,0.000000,0.000000,
20210702 09:37:09.0573,1.069257,0.649786,2.092346,-2.079553,0.000000,0.000000,0.000000,0.000000,
20210702 09:37:09.0673,1.076971,0.650482,2.092346,-2.079553,0.000000,0.000000,0.000000,0.000000,
20210702 09:37:09.0773,1.077606,0.649908,2.092346,-2.079553,0.000000,0.000000,0.000000,0.000000,
20210702 09:37:09.0873,1.068872,0.650037,2.092346,-2.079553,0.000000,0.000000,0.000000,0.000000,
20210702 09:37:09.0983,1.070911,0.649469,2.092346,-2.079553,0.000000,0.000000,0.000000,0.000000,
20210702 09:37:09.1083,1.078436,0.650482,2.092346,-2.079553,0.000000,0.000000,0.000000,0.000000,
20210702 09:37:09.1183,1.079010,0.646558,2.092346,-2.079553,0.000000,0.000000,0.000000,0.000000,
20210702 09:37:09.1283,1.070148,0.652887,2.092346,-2.079553,0.000000,0.000000,0.000000,0.000000,
20210702 09:37:09.1383,1.068683,0.648077,2.092346,-2.079553,0.000000,0.000000,0.000000,0.000000,
20210702 09:37:09.1483,1.074103,0.650415,2.092346,-2.079553,0.000000,0.000000,0.000000,0.000000,
20210702 09:37:09.1583,1.077863,0.648395,2.092346,-2.079553,0.000000,0.000000,0.000000,0.000000,
20210702 09:37:09.1683,1.078308,0.649719,2.092346,-2.079553,0.000000,0.000000,0.000000,0.000000,
20210702 09:37:09.1783,1.074103,0.650482,2.092346,-2.079553,0.000000,0.000000,0.000000,0.000000,
20210702 09:37:09.1883,1.073975,0.651239,2.092346,-2.079553,0.000000,0.000000,0.000000,0.000000,
20210702 09:37:09.2023,1.077161,0.647125,2.092346,-2.079553,0.000000,0.000000,0.000000,0.000000,
20210702 09:37:09.2123,1.067596,0.650104,2.092346,-2.079553,0.000000,0.000000,0.000000,0.000000,
20210702 09:37:09.2223,1.077802,0.649847,2.092346,-2.079553,0.000000,0.000000,0.000000,0.000000,
20210702 09:37:09.2323,1.074164,0.650989,2.092346,-2.079553,0.000000,0.000000,0.000000,0.000000,
20210702 09:37:09.2423,1.077606,0.650482,2.092346,-2.079553,0.000000,0.000000,0.000000,0.000000,
20210702 09:37:09.2523,1.076654,0.650543,2.092346,-2.079553,0.000000,0.000000,0.000000,0.000000,
20210702 09:37:09.2623,1.076331,0.646179,2.092346,-2.079553,0.000000,0.000000,0.000000,0.000000,
20210702 09:37:09.2723,1.069189,0.648138,2.092346,-2.079553,0.000000,0.000000,0.000000,0.000000,
20210702 09:37:09.2823,1.076587,0.650671,2.092346,-2.079553,0.000000,0.000000,0.000000,0.000000,
20210702 09:37:09.2923,1.076331,0.650482,2.092346,-2.079553,0.000000,0.000000,0.000000,0.000000,
20210702 09:37:09.3023,1.077991,0.649719,2.092346,-2.079553,0.000000,0.000000,0.000000,0.000000,
20210702 09:37:09.3033,1.075122,0.649341,2.092346,-2.079553,0.000000,0.000000,0.000000,0.000000,
20210702 09:37:09.3133,1.076202,0.648395,2.092346,-2.079553,0.000000,0.000000,0.000000,0.000000,
20210702 09:37:09.3233,1.072699,0.650671,2.092346,-2.079553,0.000000,0.000000,0.000000,0.000000,
20210702 09:37:09.3333,1.069574,0.651050,2.092346,-2.079553,0.000000,0.000000,0.000000,0.000000,
20210702 09:37:09.3433,1.074609,0.647821,2.092346,-2.079553,0.000000,0.000000,0.000000,0.000000,
20210702 09:37:09.3533,1.071039,0.654340,2.092346,-2.079553,0.000000,0.000000,0.000000,0.000000,
20210702 09:37:09.3633,1.076459,0.648901,2.092346,-2.079553,0.000000,0.000000,0.000000,0.000000,
20210702 09:37:09.3733,1.079138,0.649908,2.092346,-2.079553,0.000000,0.000000,0.000000,0.000000,
20210702 09:37:09.3833,1.077673,0.647949,2.092346,-2.079553,0.000000,0.000000,0.000000,0.000000,
20210702 09:37:09.3933,1.066833,0.650354,2.092346,-2.079553,0.000000,0.000000,0.000000,0.000000,
20210702 09:37:09.4043,1.070911,0.648712,2.092346,-2.079553,0.000000,0.000000,0.000000,0.000000,
20210702 09:37:09.4143,1.067853,0.648267,2.092346,-2.079553,0.000000,0.000000,0.000000,0.000000,
20210702 09:37:09.4243,1.072510,0.650037,2.092346,-2.079553,0.000000,0.000000,0.000000,0.000000,
20210702 09:37:09.4343,1.079266,0.650989,2.092346,-2.079553,0.000000,0.000000,0.000000,0.000000,
20210702 09:37:09.4443,1.072186,0.647382,2.092346,-2.079553,0.000000,0.000000,0.000000,0.000000,
20210702 09:37:09.4543,1.074738,0.652631,2.092346,-2.079553,0.000000,0.000000,0.000000,0.000000,
20210702 09:37:09.4643,1.074609,0.647192,2.092346,-2.079553,0.000000,0.000000,0.000000,0.000000,
20210702 09:37:09.4743,1.068427,0.652502,2.092346,-2.079553,0.000000,0.000000,0.000000,0.000000,
20210702 09:37:09.4843,1.078247,0.644849,2.092346,-2.079553,0.000000,0.000000,0.000000,0.000000,
20210702 09:37:09.4943,1.073907,0.650037,2.092346,-2.079553,0.000000,0.000000,0.000000,0.000000,
20210702 09:37:09.5063,1.075122,0.650800,2.092346,-2.079553,0.000000,0.000000,0.000000,0.000000,
20210702 09:37:09.5163,1.075885,0.650671,2.092346,-2.079553,0.000000,0.000000,0.000000,0.000000,
20210702 09:37:09.5263,1.078564,0.649786,2.092346,-2.079553,0.000000,0.000000,0.000000,0.000000,
20210702 09:37:09.5363,1.080670,0.650989,2.092346,-2.079553,0.000000,0.000000,0.000000,0.000000,
20210702 09:37:09.5463,1.080475,0.648712,2.092346,-2.079553,0.000000,0.000000,0.000000,0.000000,
20210702 09:37:09.5563,1.077545,0.653833,2.092346,-2.079553,0.000000,0.000000,0.000000,0.000000,
20210702 09:37:09.5663,1.070593,0.648016,2.092346,-2.079553,0.000000,0.000000,0.000000,0.000000,
20210702 09:37:09.5763,1.078180,0.650989,2.092346,-2.079553,0.000000,0.000000,0.000000,0.000000,
20210702 09:37:09.5863,1.077478,0.649847,2.092346,-2.079553,0.000000,0.000000,0.000000,0.000000,
20210702 09:37:09.5963,1.075885,0.650543,2.092346,-2.079553,0.000000,0.000000,0.000000,0.000000,
20210702 09:37:09.6067,1.078308,0.649719,2.092346,-2.079553,0.000000,0.000000,0.000000,0.000000,
20210702 09:37:09.6167,1.080798,0.649280,2.092346,-2.079553,0.000000,0.000000,0.000000,0.000000,
20210702 09:37:09.6267,1.069446,0.649908,2.092346,-2.079553,0.000000,0.000000,0.000000,0.000000,
20210702 09:37:09.6367,1.076270,0.651178,2.092346,-2.079553,0.000000,0.000000,0.000000,0.000000,
20210702 09:37:09.6467,1.070593,0.649719,2.092346,-2.079553,0.000000,0.000000,0.000000,0.000000,
20210702 09:37:09.6567,1.076904,0.649719,2.092346,-2.079553,0.000000,0.000000,0.000000,0.000000,
20210702 09:37:09.6667,1.076971,0.651050,2.092346,-2.079553,0.000000,0.000000,0.000000,0.000000,
20210702 09:37:09.6767,1.073401,0.651746,2.092346,-2.079553,0.000000,0.000000,0.000000,0.000000,
20210702 09:37:09.6867,1.078119,0.649847,2.092346,-2.079553,0.000000,0.000000,0.000000,0.000000,
20210702 09:37:09.6967,1.077734,0.650226,2.092346,-2.079553,0.000000,0.000000,0.000000,0.000000,
20210702 09:37:09.7091,1.073907,0.649976,2.092346,-2.079553,0.000000,0.000000,0.000000,0.000000,
20210702 09:37:09.7191,1.076141,0.650482,2.092346,-2.079553,0.000000,0.000000,0.000000,0.000000,
20210702 09:37:09.7291,1.068939,0.649847,2.092346,-2.079553,0.000000,0.000000,0.000000,0.000000,
20210702 09:37:09.7391,1.071680,0.651428,2.092346,-2.079553,0.000000,0.000000,0.000000,0.000000,
20210702 09:37:09.7491,1.076202,0.649213,2.092346,-2.079553,0.000000,0.000000,0.000000,0.000000,
20210702 09:37:09.7591,1.077930,0.648584,2.092346,-2.079553,0.000000,0.000000,0.000000,0.000000,
20210702 09:37:09.7691,1.071680,0.649469,2.092346,-2.079553,0.000000,0.000000,0.000000,0.000000,
20210702 09:37:09.7791,1.076843,0.647760,2.092346,-2.079553,0.000000,0.000000,0.000000,0.000000,
20210702 09:37:09.7891,1.067151,0.649786,2.092346,-2.079553,0.000000,0.000000,0.000000,0.000000,
20210702 09:37:09.7991,1.079010,0.649847,2.092346,-2.079553,0.000000,0.000000,0.000000,0.000000,
20210702 09:37:09.8114,1.075885,0.650800,2.092346,-2.079553,0.000000,0.000000,0.000000,0.000000,
20210702 09:37:09.8214,1.076331,0.650543,2.092346,-2.079553,0.000000,0.000000,0.000000,0.000000,
20210702 09:37:09.8314,1.075757,0.649847,2.092346,-2.079553,0.000000,0.000000,0.000000,0.000000,
20210702 09:37:09.8414,1.078247,0.651935,2.092346,-2.079553,0.000000,0.000000,0.000000,0.000000,
20210702 09:37:09.8514,1.077734,0.649469,2.092346,-2.079553,0.000000,0.000000,0.000000,0.000000,
20210702 09:37:09.8614,1.077545,0.649023,2.092346,-2.079553,0.000000,0.000000,0.000000,0.000000,
20210702 09:37:09.8714,1.075311,0.648645,2.092346,-2.079553,0.000000,0.000000,0.000000,0.000000,
20210702 09:37:09.8814,1.069763,0.649658,2.092346,-2.079553,0.000000,0.000000,0.000000,0.000000,
20210702 09:37:09.8914,1.076526,0.651111,2.092346,-2.079553,0.000000,0.000000,0.000000,0.000000,
20210702 09:37:09.9014,1.078119,0.651556,2.092346,-2.079553,0.000000,0.000000,0.000000,0.000000,
20210702 09:37:09.9119,1.070020,0.650610,2.092346,-2.079553,0.000000,0.000000,0.000000,0.000000,
20210702 09:37:09.9219,1.074231,0.649847,2.092346,-2.079553,0.000000,0.000000,0.000000,0.000000,
20210702 09:37:09.9319,1.076904,0.648901,2.092346,-2.079553,0.000000,0.000000,0.000000,0.000000,
20210702 09:37:09.9419,1.076398,0.650861,2.092346,-2.079553,0.000000,0.000000,0.000000,0.000000,
20210702 09:37:09.9519,1.076141,0.649597,2.092346,-2.079553,0.000000,0.000000,0.000000,0.000000,
20210702 09:37:09.9619,1.077673,0.650354,2.092346,-2.079553,0.000000,0.000000,0.000000,0.000000,
20210702 09:37:09.9719,1.077356,0.650293,2.092346,-2.079553,0.000000,0.000000,0.000000,0.000000,
20210702 09:37:09.9819,1.074359,0.649786,2.092346,-2.079553,0.000000,0.000000,0.000000,0.000000,
20210702 09:37:09.9919,1.074994,0.651050,2.092346,-2.079553,0.000000,0.000000,0.000000,0.000000,
20210702 09:37:10.0019,1.075952,0.650226,2.092346,-2.079553,0.000000,0.000000,0.000000,0.000000,
20210702 09:37:10.0119,1.071552,0.648962,2.092346,-2.079553,0.000000,0.000000,0.000000,0.000000,
20210702 09:37:10.0137,1.076715,0.649847,2.092346,-2.079553,0.000000,0.000000,0.000000,0.000000,
20210702 09:37:10.0237,1.077032,0.650732,2.092346,-2.079553,0.000000,0.000000,0.000000,0.000000,
20210702 09:37:10.0337,1.075952,0.650354,2.092346,-2.079553,0.000000,0.000000,0.000000,0.000000,
20210702 09:37:10.0437,1.078375,0.652252,2.092346,-2.079553,0.000000,0.000000,0.000000,0.000000,
20210702 09:37:10.0537,1.077100,0.649908,2.092346,-2.079553,0.000000,0.000000,0.000000,0.000000,
20210702 09:37:10.0637,1.069385,0.653326,2.092346,-2.079553,0.000000,0.000000,0.000000,0.000000,
20210702 09:37:10.0737,1.078625,0.649597,2.092346,-2.079553,0.000000,0.000000,0.000000,0.000000,
20210702 09:37:10.0837,1.077228,0.649341,2.092346,-2.079553,0.000000,0.000000,0.000000,0.000000,
20210702 09:37:10.0937,1.077863,0.649786,2.092346,-2.079553,0.000000,0.000000,0.000000,0.000000,
20210702 09:37:10.1037,1.072125,0.650482,2.092346,-2.079553,0.000000,0.000000,0.000000,0.000000,
20210702 09:37:10.1127,1.073273,0.648962,2.092346,-2.079553,0.000000,0.000000,0.000000,0.000000,
20210702 09:37:10.1227,1.078308,0.649847,2.092346,-2.079553,0.000000,0.000000,0.000000,0.000000,
20210702 09:37:10.1327,1.074738,0.649908,2.092346,-2.079553,0.000000,0.000000,0.000000,0.000000,
20210702 09:37:10.1427,1.078949,0.647821,2.092346,-2.079553,0.000000,0.000000,0.000000,0.000000,
20210702 09:37:10.1527,1.077734,0.649280,2.092346,-2.079553,0.000000,0.000000,0.000000,0.000000,
20210702 09:37:10.1627,1.072125,0.650800,2.092346,-2.079553,0.000000,0.000000,0.000000,0.000000,
20210702 09:37:10.1727,1.074994,0.648456,2.092346,-2.079553,0.000000,0.000000,0.000000,0.000000,
20210702 09:37:10.1827,1.076331,0.650861,2.092346,-2.079553,0.000000,0.000000,0.000000,0.000000,
20210702 09:37:10.1927,1.075122,0.649658,2.092346,-2.079553,0.000000,0.000000,0.000000,0.000000,
20210702 09:37:10.2027,1.076971,0.650482,2.092346,-2.079553,0.000000,0.000000,0.000000,0.000000,
