0,1,2,3,4,5,6
-0.139736623,-2.3883636,-0.12578845,-2.751756191,-0.356877744,-0.057278872,0.365378857
-1.235358357,-1.111780763,0.003115922,-1.328686476,0.515327454,-0.522969007,0.426164001
1.999464512,1.112935066,0.061124146,-0.44728595,4.363317013,-0.395002365,-0.034921929
-0.164702177,-2.383882046,0.648394525,-3.026751041,-0.417405069,0.236298084,-0.009869993
-1.223467469,-1.112478018,0.196401,0.395666957,0.119433202,-0.382725239,-0.04546468
1.989273548,1.13244009,-0.071337581,-0.410257638,4.573124409,0.01528722,-0.443833828
-0.497690558,-2.311002493,-0.395206958,-0.073472142,-1.398530364,-0.018447191,0.484637767
-1.055895209,-1.121272683,0.107841462,-0.323421955,0.172817558,-0.63337034,0.052453727
1.842060328,1.428419352,0.098416507,3.907127619,2.816122293,-0.565212488,-0.157823816
-0.515515208,-2.30262661,0.242533058,-2.363390923,-1.06361258,0.163954675,0.19046554
-1.046088457,-1.121676564,-0.253230065,-2.395588875,0.854335725,-0.324648857,-0.023056969
1.83319211,1.45821476,-0.925482213,-0.526735187,2.481999636,-0.213817358,-0.62083596
-0.633610845,-2.223825932,1.312144876,-2.971874237,-0.230931863,0.662019134,0.544461429
-0.97819078,-1.122420073,0.380268842,0.7672019,-0.126587421,-0.338983417,-0.026256278
1.771300077,1.724580765,0.262084067,-0.417062998,4.511968613,0.440071106,0.23325108
-0.647655845,-2.213994503,0.063819461,2.587704659,-2.237742424,-5.79059E-05,-0.258597255
-0.969587207,-1.12203455,0.537820935,3.103890419,0.322811753,-0.303692758,-0.255589128
1.76333952,1.754695177,-0.484051466,1.340082288,1.721370935,-0.587106824,-0.497570217
-0.741099834,-2.110920906,-0.414087981,-0.080179572,-3.177283525,0.677292824,0.073121011
-0.909963012,-1.108576536,-0.269854486,-3.601765156,-1.580120444,-0.594683409,-0.408891022
1.707413673,2.023138523,-0.583354175,1.757779121,1.824453831,-0.191523671,0.363793969
-0.75243783,-2.119069099,0.211182266,-2.20284605,2.657585144,0.779347062,-0.086899161
-0.90231216,-1.11009109,0.154097259,1.710660934,1.29551518,-0.513976753,-0.218063906
1.700117826,2.004799604,-0.952168763,-0.469532192,2.403190613,0.339455009,-0.583056331
-0.84600538,-2.119345903,0.279910177,1.289459825,-2.884003639,0.316939056,0.423808068
-0.834986448,-1.110205054,-0.4032166,0.372516751,-0.543037176,-0.292359233,0.095634878
1.634727359,2.003881454,-0.515624821,2.146214247,1.820497513,0.324891686,0.452063322
-0.856306076,-2.111418247,1.080740809,-1.653578162,-1.459523797,0.539353788,-0.351699173
-0.827205777,-1.108894944,0.129324168,2.001036406,-2.858293056,-0.145422071,-0.023209393
1.627081513,2.022768497,-0.026082695,-0.421171486,3.11266613,0.395790339,-0.63485688
-0.928230882,-2.104399204,0.458387524,0.272148728,-1.963346839,0.325441718,0.552229345
-0.768673897,-1.107675791,-0.368278801,-3.306498528,-2.737085819,-0.408488452,-0.437646329
1.56828022,2.039286137,-0.305597126,1.939371228,2.85858655,-0.447422624,0.378274441
-0.936588883,-2.096909523,0.249281943,-2.175358772,-0.545161843,0.300057113,0.344237208
-0.76142931,-1.106275916,0.154723555,1.757842541,-2.254282951,-0.330260396,0.096436113
1.560907364,2.05600214,-0.868246615,-0.461184442,3.713698626,0.061207771,-0.78788507
-0.994897842,-2.046367407,1.140085936,-2.014153004,-1.162963033,0.532303333,0.687056959
-0.70837903,-1.094932199,0.060052842,-2.919153214,0.981538713,-0.083195865,-0.229851604
1.505919456,2.160678148,0.50819844,-0.151594743,1.978859425,-0.392018914,0.434664667
-1.002484798,-2.038662434,0.543606341,0.690688848,-0.785197556,0.002792895,0.074836344
-0.700989008,-1.09294498,-0.372446746,-2.948159218,-2.431446075,-0.280781984,0.022755057
1.498169899,2.175161123,-0.311987519,1.901402593,3.601445198,-0.456485271,-0.711489439
-1.053585291,-2.011623621,0.547235489,-0.889809251,-2.197541475,0.466574997,0.502402604
-0.649309874,-1.0857867,-0.180126011,-3.852105379,0.805294812,-0.126303285,-0.141774148
1.443100929,2.225245476,-0.080564976,1.254703045,-0.774224699,-0.418430924,0.637218952
-1.06029439,-2.00692296,-0.970616162,-0.999024749,-2.751425028,-0.789056778,0.072048098
-0.642222762,-1.084571481,0.223388523,2.381427765,-2.855716467,-0.577206016,0.295577854
1.435424328,2.233820677,-0.774490237,-0.202182695,2.213479519,-1.19960928,-1.059674263
-1.101753235,-1.988787174,0.873698831,-2.400794029,-0.49048996,0.368112981,0.399862677
-0.596040964,-1.079530239,-0.142373517,1.638985157,-1.511528611,-0.293178678,0.278816253
1.384928942,2.265862703,-0.429067016,-0.450551093,4.045248508,-0.372729242,0.16821225
-1.108170867,-1.979481697,-0.187126219,-0.719215751,-2.703761339,-0.212659121,0.115423754
-0.588584542,-1.076808453,-0.481652021,-3.858617306,0.082872622,-0.596257925,0.095308155
1.376622796,2.281726599,-0.673879206,1.219291329,-0.588584483,-0.330227077,-0.846199811
-1.147344828,-1.925070643,-0.668710828,0.943146765,-0.614842236,0.497290283,0.177774459
-0.541212797,-1.060031533,-0.332905531,-2.738361597,-2.290758133,0.370096743,-0.425131559
1.323773265,2.369424105,-0.367463112,1.879401088,3.700236082,-0.279307127,0.227094188
-1.152543664,-1.926192284,1.235936522,-2.990684509,-0.340285242,-0.429649115,-0.183788598
-0.534542263,-1.060365319,-0.534384847,0.521897137,-0.078262649,0.062541842,-0.15948303
1.316223979,2.367756128,-0.48225528,-0.476146519,4.519463062,-0.601955473,-0.817683041
-1.191484094,-1.93857646,0.59091866,-2.081754684,-3.444444895,0.698915839,0.928917825
-0.483313084,-1.064384103,0.036474079,2.303519011,-1.20823884,-0.511558771,-0.334651679
1.257749796,2.348498344,-0.958426654,0.124574646,2.349216223,-0.500075519,0.596307278
-1.196177602,-1.935614705,0.453072459,-2.932314873,-0.179516762,0.377498269,-0.404809773
-0.476721883,-1.063396096,-0.05797717,0.644009352,0.091045417,-0.211440921,-0.103786118
1.250129938,2.353155375,-0.199335873,-0.484017372,4.492537498,0.506562829,-0.521206319
-1.229733467,-1.890542746,0.882654607,0.320922017,-1.771562934,0.520198524,0.039001763
-0.42900914,-1.048659086,-0.201369315,-3.256961107,-2.838325262,-0.326175332,-0.248339161
1.194619179,2.420501471,0.319266737,1.979659319,2.995954752,-0.344146013,0.607812047
-1.23377347,-1.882429838,0.901128292,-2.100488186,-0.534409106,0.167749226,0.146612644
-0.423129082,-1.045921922,-0.331573784,1.754644632,-1.756364226,-0.268824279,-0.098467618
1.187709332,2.432183027,-0.573266745,-0.467469871,3.922819614,-0.139405012,-0.917052984
-1.278250933,-1.852156401,1.123893857,-2.446315765,-0.520204604,0.546141386,0.624110043
-0.35460645,-1.035367131,-0.540746093,1.574466228,-1.511381388,-0.494415283,-0.027103424
1.106455326,2.474408388,-0.137815833,-0.440049708,4.04254961,-0.170170784,0.341495395
-1.28020227,-1.844689608,0.512749672,-1.170117378,-1.913905025,0.590537906,0.107892066
-0.351186454,-1.032700896,-0.386949927,-3.818357468,1.280506492,-0.40623492,0.023050025
1.102293134,2.484163761,-0.40376389,0.756245494,-0.629400313,-0.127681851,-0.667483985
-1.299970388,-1.796453714,-0.858267069,-0.68538785,-2.745345831,0.214322776,0.290043652
-0.31832093,-1.01498282,-0.226636797,-3.864206314,-0.068889551,-0.37741065,-0.552956045
1.062573671,2.546496153,-0.134472311,1.226817846,-0.572238505,-0.386509001,0.53215152
-1.303097963,-1.788853884,0.170807004,-0.110290349,-3.416679859,-1.416302681,-0.253761232
-0.313040674,-1.011972547,0.24922201,2.910390854,-1.523549199,-1.182656527,-0.169010803
1.056068897,2.55466485,0.080232441,-0.281899631,2.060592651,-0.396321028,-0.874291658
-1.329612732,-1.767562389,0.730725706,-0.235923946,-3.453313828,-0.126353741,0.956980407
-0.266821504,-1.003690243,-0.075332746,2.779592276,-1.464668155,-0.178696692,-0.11975529
0.999640644,2.58039403,-0.398144722,-0.32543093,1.805918455,-0.404200554,0.574451089
-1.333392739,-1.761512876,0.356070548,-2.955749512,-0.211544275,-0.591515064,-0.29839921
-0.259961486,-1.001429558,-0.16314441,0.792112231,0.110770859,1.344723344,0.192672074
0.991252363,2.587554455,-0.477277398,-0.434573054,4.496352196,-0.088781178,-1.051011443
-1.371243238,-1.746765375,1.271489739,-1.724824786,-3.228782654,0.79452008,1.08877635
-0.189542353,-0.995467544,0.120088905,1.577577472,-0.623853028,-0.63866353,0.000972688
0.903891146,2.604133368,-0.284182549,1.473628163,1.927662611,-0.341283321,0.103873149
-1.374694467,-1.741101027,0.165410727,-1.293481708,-1.263465166,-1.801522613,0.112957269
-0.182630301,-0.993270993,0.586624622,2.120080709,-2.857675552,-2.191749334,0.373646647
0.89515537,2.61081481,-0.17071104,-0.418487847,3.204665422,0.192495823,-1.23780942
-1.396103024,-1.679978132,0.020583339,-0.221058607,-3.320811749,0.914876521,0.679374933
-0.140120447,-0.968006372,0.503794193,2.788954496,-1.485069156,-0.196102738,0.253016263
0.841748655,2.674948215,-0.472966194,-0.296480119,1.734819889,0.164198995,0.201957837
-1.399697542,-1.676329851,1.23911345,-0.670530379,-2.849171638,0.586395144,-0.158410519
-0.132769287,-0.966436505,0.036109,-4.031531334,-0.285603285,-0.750880957,-0.221154898
0.83241123,2.678232193,0.387318611,1.285557747,-0.101608694,-0.616420686,-0.822147727
-1.420345902,-1.651517153,1.402651548,-0.32753557,-3.3071208,0.365592301,0.650527239
-0.09005332,-0.955691814,-0.073628724,2.68361783,-1.78531611,-0.372442126,0.490088612
0.778211772,2.702077866,-0.080528975,-0.335000336,2.412467241,-0.028695464,0.485971928
-1.423173547,-1.645603895,0.779969156,-0.179636955,-3.207568169,-0.274672806,-0.224486649
-0.083801985,-0.953221679,0.515920281,-3.652936935,-1.716651917,-0.35160017,-0.558030009
0.770237923,2.707776546,1.372573137,1.675555825,1.549711227,0.000418276,-0.665257037
-1.442202687,-1.597272635,0.43523261,-1.735488296,-1.526347637,0.037492633,0.837575078
-0.04207623,-0.931567192,-0.005411476,-3.428906441,1.025001287,-0.258368552,-0.382327408
0.716619909,2.749978542,0.100742877,0.273818493,1.603859901,-0.239224136,0.724780202
-1.445979357,-1.580647588,-0.440810204,-2.446600437,-1.711322427,0.091466188,0.09265624
-0.033544004,-0.924027324,0.239405066,1.178349018,-1.356923223,-0.288579166,0.198228329
0.705647171,2.764305115,-0.175170481,0.802708328,3.996529102,-0.037349343,-0.9460181
-1.464012027,-1.551929951,0.558425903,-0.421821654,-3.364658594,0.542589784,0.590284586
0.006834835,-0.910556674,0.328459769,2.631452084,-2.144491434,-0.396162629,0.268944651
0.653578818,2.786551952,-0.320268333,-0.313965797,2.181839943,-0.542291939,0.254323423
-1.466309786,-1.539044142,0.74507004,-0.94469738,-2.410792112,0.612005711,0.075650007
0.012316227,-0.904481649,-0.502820849,-3.940820694,0.63960731,-0.356930196,-0.341724753
0.646456361,2.796010017,-0.366668105,1.035201073,-0.986990511,0.424232602,-0.601468027
-1.483030796,-1.529657602,1.250951648,-1.593215466,-0.743979335,-0.201098502,0.521091938
0.051669613,-0.899850488,0.111477524,1.988958597,-2.201814651,-0.405966997,0.361049145
0.595196664,2.802687645,0.5314098,-0.432869613,3.709918499,-0.420053065,0.595074356
-1.484598875,-1.521075726,0.337123007,0.262856364,-2.257059574,-0.221395463,-0.212795675
0.055473,-0.895862222,-0.217289001,-3.276242495,-2.721634388,-0.234899938,-0.137839466
0.59024024,2.808500767,-0.017184258,1.973682046,2.707884312,-0.860450149,-0.866615534
-1.500109792,-1.471226215,-0.753343701,-2.437731743,-1.21507895,0.029740244,0.80056417
0.093965441,-0.871352911,0.318227023,0.748951435,-1.005612135,-0.501127958,-0.170075387
0.539574802,2.841584682,0.713001072,0.997106552,4.289997101,-0.500742078,0.51717782
-1.503158331,-1.45784688,-0.811906099,0.580218434,-3.166359901,-0.698661447,0.150181115
0.101671979,-0.864658833,0.460497707,3.435470581,-0.55929631,-1.732733011,-0.27875796
0.529401481,2.849207878,0.314084828,-0.056253716,0.522489548,-0.991060138,-1.008796453
-1.520164609,-1.425234675,0.05344703,-2.365026951,-0.467140198,0.352464497,0.818455338
0.144335523,-0.847909093,0.143909365,1.611099601,-1.33310163,-0.390231609,0.041529536
0.47328639,2.86790204,-0.552508473,-0.447789729,4.106713295,0.076959014,0.850767374
-1.521695852,-1.412866116,0.413961381,0.246302903,-3.234937906,1.517532945,-0.1029405
0.148274928,-0.841563344,0.219135731,3.229457617,-0.814788997,-0.58528614,0.137326032
0.46807611,2.874127865,-0.833465278,-0.108897731,0.935593367,-0.403706104,-0.848308623
-1.536441565,-1.381570697,-1.730080009,0.118734002,-2.844175816,-0.164386034,0.969622016
0.187326998,-0.825088263,-0.04135108,-3.40995574,-2.216506004,-0.750293136,-0.400352985
0.41609925,2.889639378,-0.245895088,1.795725584,2.535018206,-0.856915236,0.653734148
-1.538380027,-1.37314868,0.158858836,-1.678812742,-1.564065456,-0.740554452,-0.377152383
0.192624152,-0.820715785,-0.534125268,-3.443161964,1.042437673,-0.797827244,0.223744392
0.408989787,2.893442631,-1.086447477,0.231245652,1.127961397,1.170781612,-0.962012231
-1.552741051,-1.359318733,1.01068294,-1.273373604,-3.180166245,0.588594675,0.675797403
0.231750876,-0.813330293,0.135363609,-0.715898514,-1.587890506,-0.224432826,-0.05207701
0.356755435,2.899785757,-0.72589916,2.926324606,2.825334072,0.371494055,0.22100462
-1.554932952,-1.349708319,0.81569165,-0.335684776,-3.117811441,0.781346977,-0.097097605
0.238075852,-0.808119893,-0.197641164,-3.771299601,-1.265913606,-0.1571334,-0.203275993
0.348231077,2.903674603,0.221486568,1.565308452,1.113162041,0.513849258,-0.787408113
-1.567712545,-1.312132716,0.682720423,-2.230596066,0.147774979,0.466057181,0.879212677
0.273553193,-0.787727714,0.310350507,2.248901844,2.017855644,-0.298829079,0.346470505
0.300612032,2.91858387,0.682459831,0.128383234,-1.833697557,-0.561671317,0.038524017
-1.568903565,-1.300326109,0.49905327,-0.412504911,-3.166185141,-0.563278139,-0.104606122
0.277036071,-0.781338096,-0.095986158,-3.834675789,-1.009671926,-0.242255032,-0.342000842
0.295895457,2.922990561,0.261406839,1.482220054,0.755591154,-0.409506023,-0.769328475
-1.584124804,-1.279808402,-0.582555175,-1.873846173,-1.600628734,0.367103666,1.013990164
0.320952654,-0.769965291,0.186290801,-3.154352188,1.092284203,-0.433395147,-0.026774392
0.236682847,2.930357933,0.791112125,-0.026264295,1.414118052,-0.326867104,0.410513043
-1.58555162,-1.27045691,-1.46225214,-0.914492011,-1.874645591,2.855973244,-0.328027844
0.325294137,-0.764627695,0.307168931,2.262244225,-2.34444809,-1.119483709,-0.745142579
0.230711862,2.932739496,-0.744826853,-0.447632134,3.264445305,-0.647868812,-0.567800879
-1.595890641,-1.225660086,-0.439979523,-2.921833992,-0.11487852,0.053146839,0.896788418
0.355878681,-0.739365518,0.133308768,0.980463982,-0.115211926,-0.168419242,0.059580952
0.189306393,2.945803404,0.623136461,-0.366586208,4.563580513,-0.514888942,0.216927513
-1.596988797,-1.21372509,0.706317425,-0.046845853,-3.272932291,-1.026322722,-0.278729618
0.359727502,-0.73254782,0.279542774,2.958349705,-1.436618686,2.033802986,0.313065141
0.183961406,2.948608398,0.665356815,-0.239083126,1.195835114,-0.645872891,-1.014001489
-1.611366153,-1.169676185,0.04345306,-1.211661816,-3.301216125,0.23170352,0.840242922
0.403740615,-0.707114697,0.574052334,-0.602072418,-1.240997434,-0.109739751,-0.210449889
0.123991415,2.958141804,-0.196626425,2.923414707,2.610660553,-0.206210852,0.538932323
-1.612546086,-1.158242583,1.610270858,0.004364252,-3.190591812,-0.353653848,-0.262089431
0.407305956,-0.700235069,-1.015344501,-3.480251789,-1.697686076,-0.190618515,-0.185426608
0.119089141,2.96001339,0.181032419,1.771557212,1.757081032,0.510669589,-0.756198585
-1.620436192,-1.127586126,1.285038471,-0.084009349,-3.41372633,0.40805167,0.671914697
0.431915045,-0.68223536,-0.210650206,2.923563242,-1.46660161,-0.358618796,0.279954225
0.085540935,2.965073109,-0.028646648,-0.251565456,1.605456352,0.445444286,0.533089757
-1.621093035,-1.119343281,0.429866761,-1.125848889,-2.097874641,0.327104568,-0.078582704
0.43403855,-0.677405,-0.311084777,-3.891411066,1.027309895,0.38134554,-0.298739731
0.082663372,2.965958834,-0.167042434,0.899023533,-0.596713603,1.369232178,-0.801088512
-1.637078524,-1.121942401,-1.137899637,-1.014569879,-2.378652811,0.757706881,0.872427583
0.485987902,-0.678885937,0.097455829,-4.11725235,0.705610812,-0.295914888,-0.247194469
0.01128082,2.966012955,-0.000475943,1.029796362,-0.295983911,0.791211843,0.289184988
-1.638213515,-1.112901688,0.665789664,-1.692662358,-1.417029619,0.621481776,-0.196766794
0.490076959,-0.673582315,-0.382380515,-3.342538595,0.940838397,-0.191970527,-0.212619454
0.005545035,2.96712923,-0.687260568,0.818754971,1.795535564,0.064026892,-0.941153049
-1.648004889,-1.038070202,-0.916173458,0.539335608,-1.501769185,0.309976399,0.077478051
0.522982121,-0.628407776,0.694540739,1.759436846,-0.833082616,-0.338504493,-0.078511178
-0.039976224,2.973755836,-0.545658529,1.754146814,3.937532663,-0.389770389,0.750341773
-1.64975059,-1.030792236,0.380983561,-1.008034468,-2.180139303,-1.541246653,0.121680856
0.528649688,-0.623967826,-0.071305454,2.257294416,-2.417771339,-0.059556305,-0.625239611
-0.047756433,2.974202633,-0.76982975,-0.372420073,3.001018763,-1.061932087,-0.662779093
-1.659112096,-0.995332599,0.110398732,-0.832200885,-2.699239969,0.632736087,0.976664484
0.560264468,-0.60211128,0.20337081,-4.112293243,0.142496914,0.215618908,-0.381884575
-0.091426268,2.975258589,0.384969652,1.186452866,-0.372162402,0.974888802,0.860001206
-1.660296321,-0.986453176,1.178078294,-1.013600349,-2.149557114,1.781893849,-0.057274461
0.564477444,-0.596668482,-0.780364156,-4.110274792,0.878572047,-0.409940422,-0.453777671
-0.097254567,2.975676537,-0.405200094,1.071101189,-0.342801154,-2.34480834,-0.855484962
-1.66801393,-0.94105041,1.621427894,-2.524390221,-0.402970523,0.232967079,0.69636488
0.591154873,-0.568386674,-0.822036505,-1.915010691,0.365872115,-0.283300161,-0.179721117
-0.134222597,2.974628448,0.13435027,0.734611332,4.171963215,-0.008197188,0.606909454
-1.669216514,-0.923211634,1.307216287,-2.97936964,-0.382427305,0.9406811,-0.159946412
0.595934153,-0.557120085,-0.615026832,-0.106664792,0.447876781,-0.845509052,-0.1694175
-0.140999332,2.973864555,0.165298879,-0.352954388,4.430199623,-0.192251384,-1.006231189
-1.678795576,-0.867451549,0.11119204,-0.540379465,-3.114729643,-0.002852738,0.935391605
0.629927814,-0.521832585,-0.074131429,-3.938154697,-0.654165447,-0.937511563,-0.480003208
-0.188306987,2.970485926,-0.120991707,1.441114664,0.862557352,-0.668356419,0.646408796
-1.6800735,-0.852858961,0.799262822,-0.559937119,-3.141769409,-0.125695854,-0.046722829
0.634569407,-0.512564301,-0.239673674,-3.968691349,-0.683763146,0.224257588,-0.112878434
-0.194740951,2.969085693,0.03924787,1.405472398,0.481227458,-0.063322484,-0.863515258
-1.6865201,-0.834565163,0.561269522,-0.436867654,-3.280492783,0.103054807,0.588834584
0.657492459,-0.500719905,0.139709651,2.612485409,-1.850622654,-0.765645981,0.190644592
-0.226642102,2.967282295,0.120705247,-0.324364543,2.090186596,-0.325122297,0.539788961
-1.687422872,-0.830594242,0.168350726,0.130467892,-0.915436685,2.434500217,0.234193534
0.661185861,-0.498176813,0.416810006,3.131271839,1.320637107,0.153178796,-0.024608344
-0.23186411,2.966385126,0.262823701,-0.27491051,-1.180422544,-2.250695229,-1.271584034
-1.696203828,-0.780554891,0.985069275,-1.664086223,-1.70290029,-0.616251469,0.699848354
0.69372052,-0.465928316,0.044767797,-3.667429924,0.942780197,-0.981551647,-0.00992322
-0.27743113,2.960258484,0.251470923,0.332773745,1.435390949,-1.079730749,0.78967613
-1.697384238,-0.776100218,0.713324308,-1.995661139,-1.286195397,0.518762589,-0.153200001
0.697918177,-0.463095844,-0.378314048,-3.058580875,0.857960165,-0.649112105,-1.069175005
-0.28329283,2.959636211,-0.322382092,-0.064993307,2.267299414,0.945051074,-0.399249852
-1.702310562,-0.754598737,0.145872295,-1.178809285,-0.871490777,0.05622828,0.633297563
0.716690183,-0.449136019,0.232011408,2.149659634,-2.489568949,-0.007442564,0.457457215
-0.309605241,2.956138849,0.471670508,-0.427184522,3.537641048,-0.092228413,0.411870718
-1.70357883,-0.741665006,0.594968617,-0.700594306,-2.632797956,0.173418164,-0.487057269
0.721770227,-0.440715611,0.006670326,2.435791969,-2.547816515,-0.622897625,-0.28665328
-0.316820323,2.954244137,-0.180273116,-0.352463007,2.678941727,-0.399290979,-0.970071852
-1.710438013,-0.720179677,0.876447797,-1.635637164,-1.710890055,1.153954387,0.420446664
0.74742651,-0.426697135,-0.28017652,-3.616653919,1.012510419,-0.351947784,0.395757765
-0.352719247,2.950305462,0.075822949,0.354805112,1.359074831,-0.283543706,0.333185792
-1.71119535,-0.707668185,-1.479876757,-2.54612112,-0.864806056,-0.182228774,-0.431648135
0.750449777,-0.418553352,0.160576105,-1.85816133,0.809618413,0.713221312,-0.199547783
-0.357014894,2.948051691,-0.080968916,-0.494015872,3.00972867,0.022146702,-0.744765043
-1.716417074,-0.678596377,0.4438335,-1.198615193,-2.126022339,-0.157545865,0.904466689
0.770887136,-0.399491549,-0.010439247,-4.042791367,1.105075359,-0.311006248,-0.229709566
-0.385877967,2.942308903,0.167839229,0.910866439,-0.190068841,-0.206072271,0.530527771
-1.717794061,-0.655132174,0.081620283,-1.704749346,-1.66247654,-0.008451134,-0.12525925
0.776339948,-0.383977592,-0.098447949,-3.339856625,0.948123038,2.202661037,-0.354109645
-0.393538475,2.937240839,-0.511870801,0.207925692,1.627633572,1.289076447,-0.927229583
-1.724960446,-0.635269105,0.734960318,-1.987737298,-0.749384522,-0.024089098,1.069520235
0.803938329,-0.37083745,-0.074034542,1.816987991,-1.838220716,-0.707707167,0.269487768
-0.432326019,2.932887793,-0.142371237,-0.453567803,3.879940271,-0.499595404,0.248663679
-1.725726008,-0.611758053,0.123273395,-2.181423187,-0.641736329,1.507933378,-0.107242674
0.807312369,-0.355317414,0.001956522,1.796479225,-1.855192423,0.339474201,-0.063203394
-0.437162817,2.927515745,-0.662761092,-0.406909525,3.893691063,0.366843224,-0.952366829
-1.731926799,-0.552698612,1.198618174,0.198496103,-1.125801325,0.025229931,0.8606686
0.831872106,-0.315935016,0.759087563,-1.745268106,-0.156941265,-0.422652245,0.024660915
-0.471770346,2.912664413,-1.901473045,3.764166117,3.832672358,-0.148262382,0.845498204
-1.732617021,-0.535493731,0.255610079,-1.414137363,-1.905104637,0.357066989,-0.151588202
0.835022569,-0.304491699,-0.806669354,-3.846559763,1.2396487,1.178164959,-0.402093321
-0.476296961,2.908046722,-0.735625207,0.603785396,-0.041042268,-0.40014413,-0.802864313
-1.738421082,-0.501752138,0.397155225,-2.900029659,-0.091495842,0.908206403,0.718674839
0.858320057,-0.281804681,0.095944464,1.071887612,-0.072819613,-0.289148211,0.091681004
-0.509236217,2.898253202,0.674626648,-0.340638638,4.569525242,-0.32040906,0.637747467
-1.739239693,-0.471356153,-1.304153919,-2.908150673,-0.433702171,-0.094420254,-0.408411741
0.861596704,-0.261413574,-0.136462659,1.053570867,-0.514358282,-0.59978354,-0.396992683
-0.513852537,2.889695168,-1.17776835,-0.353780687,4.46175766,-0.446166158,-0.937865615
-1.743384719,-0.423529088,0.222774684,-1.55295527,2.362545967,-0.391150951,0.754543543
0.878531933,-0.229168415,-0.073782831,2.035114527,3.691298008,-0.263403237,0.098567694
-0.537891984,2.874887466,-0.748645127,1.550251484,-0.683185637,-0.646626651,0.881504655
-1.744312763,-0.410441816,0.360598922,0.052173138,-3.072141886,-1.752845645,0.144670591
0.882535636,-0.220402598,-0.480289966,-3.441825628,-1.912583828,0.193399563,-0.444224119
-0.543604076,2.870382309,0.589338124,1.82435298,2.264219046,-1.423014045,-0.94244194
-1.751098394,-0.419120938,0.092496596,-1.025128484,-2.387087822,0.451779217,0.955647171
0.910036802,-0.226182967,-0.121234789,-4.09145546,0.714640617,-0.268957496,-0.11821194
-0.582445264,2.873420477,-0.134082615,1.01536572,-0.813488424,0.398511648,0.405142069
-1.75148499,-0.408941835,1.330510497,-1.237379432,-2.218709946,-0.787326574,-0.203957379
0.912098646,-0.219338298,-0.707954288,-3.957705498,0.947508693,0.867834747,-0.400221944
-0.585514784,2.869871616,-0.105925202,0.811510324,-0.079169333,-0.492925823,-0.950084507
-1.109503269,0.124099493,-0.433593035,-2.480700493,-0.859392464,-0.603677511,-0.111941457
-0.586881042,0.14552471,0.097649783,-1.897616863,0.898001969,-0.418529212,-0.31718418
1.374767303,2.656429529,0.202783048,-0.585090935,2.578220367,-0.604689777,-0.568073869
-1.11800468,0.138208449,0.59302026,0.702138722,-0.859204292,1.25863111,1.133178234
-0.576580524,0.15524295,0.058211893,-2.929424286,-2.799042225,-0.572118163,-0.326614708
1.36309886,2.649886131,0.462961137,1.943212748,3.323698521,-0.11035651,-0.008921519
-1.178596377,0.158096194,0.360271633,0.129322648,-1.023922563,0.179575622,0.118575349
-0.500131011,0.169018194,0.503802299,-1.983557701,-0.183510274,-1.041425347,-0.570239127
1.2768929,2.640588284,-0.790869653,3.671370268,3.899490595,-0.893541276,-0.44894743
-1.186590552,0.167251945,0.213020533,0.193656206,-3.356690407,0.057754159,0.250537068
-0.489438713,0.17531988,0.333393842,3.200852394,-0.926059186,-0.367316008,-0.320412874
1.264564991,2.636265039,0.371387422,-0.142708793,1.000694036,-0.197267115,0.078003541
-1.235812426,0.190684199,0.681700587,-0.462659895,-3.335747719,0.296426892,-0.037116826
-0.419401109,0.191474155,0.236550748,2.614650011,-1.749614835,-0.224972606,-0.273592591
1.182999372,2.625193596,-1.049696326,-0.286261857,2.156661272,0.269915998,-0.515401721
-1.242464781,0.200298786,0.713785231,-2.873296261,-0.554443538,0.53007412,0.275540918
-0.409375787,0.198140293,-0.14524287,-0.788765728,0.607516289,1.229824066,0.16421932
1.171291113,2.620924234,-0.232851088,-0.622475088,3.778023005,0.643868804,-0.185789451
-1.282904506,0.214729309,-1.004624128,-2.979942799,-0.245073974,0.444267035,-0.160728246
-0.346266091,0.208114311,0.256573051,0.476986468,0.102798261,-0.504570007,-0.273522317
1.096167684,2.614081383,0.299635828,-0.514287114,4.519886971,-0.090624392,-0.562807739
-1.287926435,0.217549682,0.435325354,-0.975075722,-2.338940382,0.517916322,0.349871635
-0.337887943,0.210025698,-0.325704455,-3.93295145,0.700093567,-0.325675488,-0.427798033
1.086039543,2.612617016,-0.004216015,1.029454708,-0.951289952,-0.085627019,0.007693484
-1.321104288,0.244154215,0.951855063,-2.954278469,-0.30136618,0.225132048,0.157543302
-0.281526864,0.228402302,-0.077915698,0.83433485,-0.002785884,-0.810962558,0.085655957
1.017594576,2.599773645,0.243348658,-0.420624316,4.530139446,-0.685279012,-0.576561987
-1.325596809,0.247786522,0.818934917,-0.423611283,-3.052966118,0.604739428,0.415131927
-0.273656428,0.230931163,-0.862343907,-3.674385071,-0.653814375,-0.117462099,-0.117098182
1.007948995,2.59796834,-0.377436519,1.475096822,0.465772152,-0.303431809,0.020266816
-1.35663271,0.257638097,-0.403307617,0.614573836,-0.95164454,0.527450323,-0.168196499
-0.217406631,0.237707406,-0.093574911,-3.012034178,-3.005431414,-0.534408331,-0.622779489
0.93860811,2.593347788,0.423519015,2.044423103,3.184843063,-0.20993042,-0.262556016
-1.359944463,0.264591575,-0.532467246,-2.728385925,-0.438386381,0.333039373,0.396458328
-0.210862815,0.242542163,0.185528487,-1.164548874,0.604040802,-0.635987639,0.163674265
0.930451334,2.589890718,-0.620911062,-0.479912639,4.001083374,-0.570207655,-0.023198798
-1.385816574,0.309120774,0.612950861,-2.847259045,-0.496476114,0.20035547,-0.062175155
-0.160827667,0.273329347,0.041336924,1.190588355,-0.702351868,-0.360442817,-0.211549506
0.867832363,2.568249464,-0.003736019,-0.403341293,4.367395878,-0.078311026,-0.540280342
-1.389284372,0.313704312,0.55081439,-0.334781289,-3.093007565,0.09760505,0.321339697
-0.153514177,0.276461273,-0.509262562,-3.612031937,-0.865899146,-0.486298919,-0.053101689
0.858551204,2.565802097,-0.154169679,1.349769711,0.685896814,0.169981122,-0.296921551
-1.414203405,0.314145684,1.189417839,-0.090173483,-3.296054363,0.133776337,0.027450413
-0.10289079,0.27675736,0.307418734,2.988416672,-1.165072083,-0.639534235,-0.28124243
0.794540584,2.565578222,0.309883982,0.092630655,1.249434471,-0.489296615,-0.398214042
-1.417132854,0.323261976,0.385667115,-1.266233921,-2.011672974,-0.075935185,0.135895312
-0.096408933,0.283061355,-0.298350245,-3.835501194,1.175482035,-0.460859239,0.109230816
0.786283255,2.561066389,-0.528498948,0.851877987,-0.399245322,-0.140774131,-0.234578714
-1.437872171,0.379536986,0.951754093,-1.280856252,-2.02384305,0.781191826,0.220277548
-0.052101851,0.321974993,0.175264031,2.175703526,-2.746094227,-0.342511892,-0.056167647
0.729653418,2.533075094,1.093243837,-0.343209803,2.942621469,-0.138924003,-0.479299963
-1.440822244,0.380120754,1.293202519,0.239066482,-1.466620326,0.415299028,0.637285829
-0.045051366,0.322369218,-0.915004492,-0.699173629,0.44263941,-0.26276952,-0.030639797
0.720473707,2.53283,0.189638227,3.839105368,1.527941704,-0.309580088,-0.012243286
-1.471708179,0.359410167,0.287431926,-2.208271027,-0.548347473,-0.059452891,0.161812395
0.025212526,0.308003008,-0.019609064,1.769052029,-1.776201129,-0.07278356,-0.121076182
0.629655898,2.543120623,-0.690474451,-0.435022056,3.923673153,-0.299940109,-0.200869158
-1.474702477,0.366183996,0.912616372,-0.298033535,-3.0721457,0.232078314,-0.05602923
0.032236606,0.312770426,0.426938266,-3.598995447,-0.953617275,-0.218937337,0.114878207
0.620410085,2.539788246,1.744090319,1.622387767,0.931148171,-0.122986376,-0.034568295
-1.496730685,0.399693608,1.242997646,-0.37939477,-3.344108582,0.261780858,0.005016923
0.085162908,0.335934877,0.053377241,2.706322432,-1.9259516,-0.06122005,-0.38849926
0.551251888,2.522945404,-0.009861708,-0.163022563,2.275776625,-0.116966009,-0.236219063
-1.498666406,0.41727376,0.085544042,-1.981227756,-1.401648283,0.737539649,0.432413399
0.090094551,0.348078996,-0.178751886,-2.964573383,0.920738637,-0.608924389,-0.318582535
0.544818938,2.514087677,-0.244791865,-0.096527681,1.842888355,-0.364266396,0.111031309
-1.515555859,0.465133369,0.411420971,-1.7589885,-1.623397589,-0.834466338,0.312955856
0.132690087,0.381186306,0.216268986,-3.243898869,0.957303226,-0.672404051,-0.481244057
0.488594949,2.489732504,1.109170914,0.295521021,1.410075188,-0.806918561,-0.458661497
-1.51785326,0.469529808,0.131855011,-0.62228328,-3.088673592,-0.137208641,0.361177921
0.138856739,0.384190679,0.31156978,2.505897999,-2.300875902,-0.079799682,0.330833644
0.48037529,2.487322569,0.607024252,-0.277749777,2.584477901,-0.322112501,-0.458473682
-1.534212947,0.464939177,0.434791833,-2.212080956,-0.723080814,0.356731802,0.03060326
0.18153739,0.380996764,-0.124420375,1.725862741,-1.583572984,-0.20144093,0.139816463
0.423763752,2.489655495,-0.428298593,-0.451174617,3.992413759,-0.046282291,-0.538938403
-1.536392927,0.470813274,0.41262576,-0.654401243,-2.696313143,0.128654718,0.283900291
0.18739453,0.385111481,-0.443813801,-3.821853638,-0.192701906,-0.028001279,-0.069395974
0.415907264,2.486732483,-0.211092234,1.354723334,-0.371527135,-0.038866937,-0.185619697
-1.554589152,0.403941751,-0.341303647,-1.141446114,-2.127975464,0.349793196,0.233483642
0.236276805,0.338785321,-0.145070434,-3.915478706,1.077023268,-0.371327758,-0.196315855
0.350823879,2.520803213,0.507316649,0.871118724,-0.252467275,-0.202564418,-0.290605664
-1.555437684,0.416100323,0.327535242,-1.392089486,-0.78899008,0.448696524,0.458071321
0.238849163,0.347284675,0.027956754,2.101744175,-2.397315502,-1.053840756,0.491838008
0.347300768,2.514823914,-0.347792327,-0.392617881,3.61862731,-0.136093318,-0.535645843
-1.56703043,0.468160808,1.322030067,-0.972344279,-1.929885745,0.248132676,-0.041159064
0.271487415,0.383264095,0.097024888,2.336486578,-2.814252615,-0.616853595,0.096433461
0.303462744,2.488130093,0.688903272,-0.302251756,2.919420481,-0.508136153,-0.41682446
-1.568288684,0.482637286,0.215778142,-0.79318428,-2.576820374,0.254282773,0.741663158
0.275236279,0.39325738,-0.371334016,-3.894262075,0.211915165,-0.40351826,-0.438681632
0.29827404,2.480562687,-0.749387801,1.240042806,-0.802203,-0.26345098,0.045311555
-1.593078494,0.463178635,0.274576038,-1.810580373,-1.676233411,0.165332317,-0.204267144
0.347557932,0.379781038,-0.03053163,-3.276311398,0.944466531,-0.743551016,-0.103607595
0.20050244,2.490519047,0.252342165,0.067433491,1.485189915,-0.43782711,-0.65511179
-1.594292998,0.480643868,-0.371325463,-2.465727806,-0.521119952,0.055870593,0.249038756
0.35125801,0.391898185,0.076441616,1.635254741,-1.253399134,-0.404167891,-0.012738809
0.195500687,2.481570959,-0.389000237,-0.422073185,4.15287447,-0.409209728,-0.084793046
-1.604860425,0.533742368,-0.248038858,0.501611948,-1.120339036,0.887071609,-0.078003645
0.383691072,0.428637296,-0.358058959,-3.065121889,-3.09833169,-0.195505857,-0.289077163
0.151325449,2.454254866,-0.443198383,2.072742701,3.093242884,-0.302542686,-0.312488377
-1.606626987,0.547269046,0.55280143,-0.854805589,-2.323553562,-0.023888946,0.451604128
0.389095664,0.437979043,-0.697711766,-4.059411526,0.55713588,0.308531523,-0.156514019
0.143957481,2.447000265,-0.420848131,1.287971258,-0.734757125,-0.20527637,-0.109801039
-1.626209736,0.563294172,0.455806643,-1.31960535,-2.072369814,-0.345789075,0.05828011
0.451023221,0.449017137,-0.026440039,-3.845402002,1.145613432,-1.073404193,-0.257194608
0.059224471,2.438558817,0.43298167,0.851101816,-0.497360766,-0.708494902,-0.238387689
-1.628124714,0.571592331,-0.578330934,-2.950815678,-0.353547633,-0.509397984,0.182760283
0.457256496,0.454829603,-0.341721237,-0.245187819,0.487074286,-0.218144834,-0.292309701
0.050628975,2.434109926,-0.440718353,-0.411611676,4.437311172,-0.496591687,0.056093082
-1.642655492,0.560345471,1.023881316,-1.53061533,-1.00406611,-0.193508089,0.211482644
0.504678607,0.446990788,0.232065618,2.107800245,-2.679142475,-0.080104232,0.093762964
-0.014582738,2.440329075,0.721904099,-0.320745111,3.308956861,-0.261612415,-0.668307424
-1.64383781,0.570338607,0.760271549,0.82662487,-0.607720613,0.514749587,0.237430349
0.508472562,0.453975677,-0.766509056,-2.847209454,-2.3202281,-0.427331328,-0.528920054
-0.019750923,2.435099602,-0.352710843,1.969566703,3.667284727,0.067753017,0.110817179
-1.65152657,0.587286413,0.401021361,-0.449728847,-2.874556065,0.884834766,-0.046959579
0.534093976,0.465684235,0.024726808,2.591246128,-2.141779184,-0.150696814,0.287194997
-0.055089749,2.426105976,0.033050656,-0.345104873,2.888953447,-0.003656745,-0.564880252
-1.652777314,0.596613288,0.6630795,0.569774151,-1.39182353,-0.473590136,0.345867604
0.538915634,0.472109139,-0.881222486,-3.030442238,-2.997886181,-0.375609279,-0.282756001
-0.061884999,2.421318054,-0.221216619,2.019357443,2.995556116,-0.395974874,0.04223837
-1.663914323,0.631489754,0.15687567,-2.754686356,-0.676309288,0.062136501,0.264181256
0.577190816,0.49624598,-0.097203508,1.160237193,-0.843977034,-0.482030034,0.263887197
-0.114933282,2.402801752,-0.317891419,-0.07797806,4.360864639,-0.537835836,-0.55483675
-1.665009856,0.642858386,0.068876199,-1.166332126,-2.236369371,0.000262737,0.584655523
0.580870748,0.50415957,0.358257145,1.25049305,0.358247697,-0.394979358,0.10161528
-0.120040476,2.396704197,-0.686601162,2.222746611,1.516142607,-0.69576472,-0.319871664
-1.674353957,0.672239065,0.799289405,2.301514626,-2.382194042,0.997289419,-0.022509664
0.613744974,0.524490058,0.166349083,3.25296545,0.220627606,-0.192709029,0.110835731
-0.165674016,2.381010294,1.248593807,0.875527322,1.535345316,0.553257942,-0.414371908
-1.675237298,0.679281235,1.308973908,-0.915537,-2.513907433,-0.516806841,0.503869176
0.617237926,0.529359281,-0.207360804,-4.113211632,0.343089372,-1.01260674,-0.214099213
-0.17062977,2.377216578,0.84105736,1.14037025,-0.899179041,-0.690088034,0.002684787
-1.683825135,0.674033403,-0.893346786,-0.349561989,-3.11656785,0.239895225,0.060881793
0.647863626,0.525728881,0.278616577,-3.789125443,-1.302249312,-0.472291529,-0.037310332
-0.213199496,2.380074501,0.752983212,1.683941007,1.299489975,-0.346530735,-0.630720079
-1.684624314,0.676738977,-0.757123768,-1.942964911,-1.560079694,-0.206921279,0.330141544
0.650998712,0.527610421,-0.326147974,-3.006108284,0.987222373,-0.428597331,-0.334437013
-0.217610747,2.378636122,-1.092804432,-0.042379126,1.636130571,-0.570822895,-0.128986493
-1.692572594,0.69208014,1.210074902,-0.41194737,-0.279823631,0.173182428,0.159634352
0.679898024,0.538170457,0.134392172,2.66271925,1.31840241,0.068010777,-0.041905433
-0.257930219,2.370384693,0.747383296,-0.2688815,-1.00726676,0.18402344,-0.562934637
-1.693265319,0.70319128,1.031590939,-0.437798023,-3.063785553,0.185124546,0.444034964
0.682817161,0.545908272,-0.842692018,-3.825507164,-0.888634264,-1.051551342,-0.206449255
-0.262091219,2.364246607,0.463752806,1.530306101,0.725618243,-0.815323234,-0.24957408
-1.701015353,0.721793175,-0.218417704,-2.188944817,-1.053875566,0.509001136,0.205926567
0.7115165,0.558715403,-0.2176103,-2.687974453,0.929336369,-0.443487823,-0.091106266
-0.302302331,2.354372025,-0.027525723,-0.295816839,2.408145189,-0.185488701,-0.472886205
-1.701870084,0.734734058,0.015017472,-2.780976772,-0.592219532,0.003609002,0.307599068
0.715206087,0.567702353,-0.362998396,1.434845686,-1.078939438,-0.580086589,0.041941881
-0.307517409,2.347164869,-1.174750447,-0.356705487,4.249319553,-0.418153226,-0.32113874
-1.712781549,0.711021304,1.084734321,-1.620729566,-1.250659704,0.542052686,-0.226894438
0.756801367,0.551330805,0.11153546,2.050987244,-2.453939199,-0.525532603,0.007537693
-0.366003335,2.360116482,0.541844428,-0.354179204,3.388625622,0.425189555,-0.650186539
-1.71367681,0.711514235,0.307561338,0.250688553,-2.034674168,0.794786155,-0.020792335
0.759861648,0.551672101,-0.357832372,-3.326947451,-2.514009237,-0.451881588,-0.271134585
-0.37013334,2.359983921,0.197546542,1.878882289,3.006385803,-0.47389406,0.162634537
-1.720026255,0.698169231,-0.848087311,-0.393631399,-0.753734708,0.652122855,-0.167553991
0.784279406,0.542396367,0.285608917,0.475902498,-0.440911084,-0.369878292,-0.339704216
-0.404532373,2.366960526,0.939268768,3.658228874,4.45102644,-0.008422434,-0.492955625
-1.720142365,0.708862305,-0.311374158,-0.598744035,-3.294647694,-0.818744421,0.427347034
0.784649909,0.549747586,0.046762228,2.562218666,-2.189017773,-1.101085424,-0.099622481
-0.404983759,2.361360312,-0.450315714,-0.213925585,2.418364525,-0.969758213,-0.066927209
-1.724196553,0.734394312,1.400050521,-2.885340214,-0.463968635,0.751818538,0.042984664
0.800788939,0.567456007,-0.487483025,1.131080866,-0.574142218,-0.294072866,-0.037120461
-0.427868426,2.34758997,0.269980043,-0.348636448,4.424523354,0.089202225,-0.638770521
-1.724879265,0.73943603,0.260645986,-0.523293972,-3.292112827,0.415722877,0.211652651
0.803897381,0.570966721,0.034143656,2.563702822,-2.23761487,-0.424017549,0.187976867
-0.432279527,2.344892502,-0.476045251,-0.32020098,2.43473959,-0.417349398,-0.204747245
-1.730864644,0.745547414,-1.245985866,-1.200088859,-2.069087982,-0.009213448,0.50826025
0.827783823,0.575171709,-0.04305616,-3.849317312,1.127567887,-0.428099394,-0.266608685
-0.466035783,2.341290236,0.169109106,0.963763535,-0.486599505,-0.565430224,-0.389793634
-1.731751084,0.762576818,0.829180419,-2.676492214,-0.509489655,0.241983056,0.341523051
0.831400275,0.58695358,-0.874989271,-1.525312662,0.599552393,-0.036411166,0.034171194
-0.471190453,2.332158089,-1.084985495,-0.580555916,3.976673126,0.102450788,-0.305513501
-1.746953607,0.779196739,0.1689125,-1.171175241,-2.03656745,0.538270473,0.054088026
0.8924191,0.598480761,-0.583672523,-4.044314861,1.207201123,-0.251715899,-0.230858862
-0.557354093,2.323298693,-0.019009888,0.973436892,-0.519059479,0.827509522,-0.643821299
-1.746330261,0.791977167,0.117969655,-2.271898746,-1.166339397,-0.146112144,0.338226497
0.889856219,0.607331395,-0.556551456,-2.334531784,0.872973025,-0.224658608,-0.146843985
-0.553792179,2.316140413,-0.4880867,-0.044840381,2.444275856,-0.368921161,-0.102153435
-1.054733276,-1.731924415,0.549095929,0.30327177,-1.161137104,0.350000948,-0.090088814
-0.648161769,-0.989487886,0.220464259,-2.39409852,-0.618427336,-0.509101868,0.253148347
1.441878319,2.620851517,-0.716114342,3.295560122,4.225927353,-0.280545533,0.683253467
-1.062536478,-1.730882406,0.8824718,-0.865924239,-2.803509235,0.373862505,-0.003093034
-0.639787316,-0.989198089,-0.734523058,-4.11693573,0.126579672,-0.665479541,-0.081283212
1.432739258,2.622654676,-0.593284488,1.154833794,-0.096034825,-0.082636625,-0.690489888
-1.127594948,-1.695866823,-0.124697231,1.093750954,-0.748669147,0.675808549,-0.144445091
-0.565606117,-0.974607348,-0.730392516,-2.60837245,-2.992617607,-0.106486976,-0.223421931
1.351190925,2.658948421,-0.370536923,1.936255574,3.105592489,0.313963115,0.439202368
-1.132754326,-1.690564156,0.026503853,3.379909515,-0.470316589,-0.11432308,-0.323862612
-0.559348464,-0.972473621,-0.294965863,0.363905549,0.289199144,0.131146386,-0.294875801
1.344208479,2.664218903,0.407969236,1.39199245,4.484381199,-0.521204948,-0.563780487
-1.169398546,-1.683081746,-0.169898003,-1.180536866,-2.090420246,0.756445289,0.433954149
-0.513036788,-0.96928978,0.026932299,-4.058918476,1.155714989,-0.235071003,-0.194546714
1.291876316,2.671830654,0.543620765,0.966216385,-0.64542681,-0.24825263,0.027885482
-1.17391026,-1.68012929,-0.380379915,-0.098057628,-2.925199986,-0.30247128,-0.016159385
-0.506914735,-0.968161941,0.083830237,2.978080273,-0.626689494,-0.757576823,-0.190091297
1.284856915,2.675030708,-0.229316294,-0.031377181,-0.086868584,-0.539620399,-0.524632812
-1.210638046,-1.673870921,1.204288602,-0.782593668,-2.452428818,-0.144572377,0.558005691
-0.456645012,-0.965427876,-0.367602795,2.402441025,-2.909986973,-0.217917621,0.114204079
1.22685194,2.680869579,0.186889857,-0.295960963,2.252985001,-0.217615902,-0.0645044
-1.21553278,-1.670062661,0.418283492,-0.16465497,-1.491696,0.336393535,0.009758443
-0.449515224,-0.963855267,-0.201132357,-0.44004494,0.173764497,-0.228907049,-0.179485992
1.218527317,2.68492794,-0.623821855,3.965000629,2.439737082,-0.077501416,-0.536935747
-1.283399105,-1.553522229,-1.172353268,-0.668985844,-2.985437632,0.238156438,1.080869913
-0.345698476,-0.91118753,-0.259394765,-4.049578667,-0.42828843,-0.144402772,-0.321165085
1.095511436,2.785290003,-0.129221261,1.292016029,0.260273308,-0.479248166,0.48828876
-1.287650824,-1.548766375,-1.577015758,-0.184707463,-3.14964819,-0.220182419,0.277396828
-0.338795781,-0.909040093,0.063217193,2.850716114,-1.237308741,-0.314382792,-0.234627992
1.087251425,2.788878441,-0.624270141,-0.250162363,1.051963806,-0.09632796,-0.617547512
-1.313844562,-1.523352146,0.375299752,-3.000413895,-0.22796768,0.958195031,0.352050871
-0.294600725,-0.896846771,-1.033942699,0.286596954,0.149025112,-0.08865881,-0.067368224
1.033749104,2.807208061,-0.464099467,-0.319335997,4.559248924,0.735663891,0.775154769
-1.317045689,-1.522017717,0.681099057,-0.801096916,-2.837028503,-0.101791382,0.060196221
-0.288971364,-0.896253824,0.029097497,-4.071071625,0.000279158,-0.762110114,-0.21052143
1.026826739,2.807958841,1.946796417,1.283185363,-0.137794077,-0.571317375,-0.74644655
-1.341197968,-1.490873337,0.540702939,-1.148617625,-2.176426411,0.685026526,0.222291589
-0.246037066,-0.880933523,-0.233609766,-4.123162746,1.037495494,-0.247457623,-0.077833205
0.974115551,2.828780174,0.666445434,0.98437053,-0.46109277,0.098531663,0.058250472
-1.344059587,-1.489565372,1.203326941,-0.075051665,-3.185768604,0.596299767,0.202111885
-0.240735233,-0.880366087,-0.598738194,-3.55047226,-1.691769719,0.015126407,-0.309008002
0.967545092,2.829893112,1.043092012,1.763786793,1.698062658,0.123167574,-0.704932392
-1.368791223,-1.495438814,0.581608057,-1.527067065,-1.720314145,-0.472572088,0.497181743
-0.194264352,-0.883267283,-0.445359379,-3.912539005,1.290220141,-0.255199075,0.337051064
0.909787476,2.826078653,0.229764044,0.60259223,-0.048830211,0.023508549,0.54001677
-1.371588469,-1.489859819,0.502032816,1.842341781,-3.041152,0.316914439,-0.037370652
-0.189010412,-0.880496264,-0.209855795,0.679169774,-1.230424762,-0.276319623,-0.033984363
0.903293908,2.829559326,1.325182438,1.791968584,2.634772778,0.062695801,-0.865125358
-1.384299278,-1.516274214,0.80160284,-0.311109304,-3.103457689,0.253831863,-0.029038876
-0.164957702,-0.893414617,0.289934784,-3.61888051,-0.957419455,-0.231274724,-0.161729783
0.87342459,2.811574459,0.470232546,1.386844516,0.935383439,0.028755665,-0.487585664
-1.384018302,-1.492732286,0.232666463,3.49422884,-0.221414685,0.834716797,0.294675529
-0.165156841,-0.882144451,0.479477257,0.385731459,0.088839687,-0.682559371,-0.195982039
0.873546064,2.827965975,1.088116646,1.203840017,4.578346729,-0.528589964,-0.008858666
-1.399257302,-1.531651616,-0.640309453,0.57918179,-0.986857295,0.371985883,-0.014780045
-0.134079039,-0.900863171,-0.184921861,-3.023729801,-2.99711895,-0.079306155,-0.285703659
0.834226549,2.801264524,-0.567132235,1.931762338,3.194281101,0.273267686,-0.397440791
-1.401861668,-1.514859915,0.69526124,-2.380969048,-1.13868916,-0.529847741,0.563463092
-0.128377199,-0.892917514,-0.159822464,-2.297756433,1.055691004,-0.665173054,-0.128517032
0.826938331,2.812660217,-0.704406917,-0.514482319,1.911078215,-0.413112521,-0.242687568
-1.422572374,-1.417718053,0.386852145,-0.442701221,-3.346455097,0.223778397,0.091641158
-0.085197419,-0.844096899,0.648954749,2.672689438,-1.82243669,-0.375659227,0.062083244
0.772087336,2.871828556,-0.384773374,-0.166505978,1.964688778,0.621351957,-0.510856688
-1.425110698,-1.407315969,0.225025326,-1.786491036,-1.605442524,-0.189958096,0.082666576
-0.079636097,-0.838625312,0.261229485,-3.303860426,1.059123755,-0.823150277,-0.149405643
0.764861941,2.877309799,-0.250965953,0.173859492,0.989711702,-0.753138065,-0.104487315
-1.48867619,-1.295254827,-0.709445,-2.519184113,-0.58145678,-0.262704611,0.229279622
0.065261438,-0.778461814,0.357614547,1.505334616,-1.221064091,-0.268677592,0.170762271
0.577481031,2.925043106,0.12749505,-0.444752634,4.140107632,-0.13592571,-0.594491899
-1.490661383,-1.291449189,0.222966224,-0.465117216,-2.951783419,-0.750491381,-0.125889689
0.070236087,-0.776382565,-0.167911828,-3.705822468,-0.598779082,-1.072348595,-0.036414012
0.57089895,2.926205635,-0.117331743,1.400407434,0.086803079,-0.858309865,0.014322177
-1.506986737,-1.254893184,0.426377624,-1.520982146,2.5649755,1.088949919,0.1467098
0.110726014,-0.755992293,0.463632792,2.073621273,1.418630004,-0.361870408,-0.172300339
0.517664671,2.937923193,-0.092792213,-0.354556084,1.755861998,-0.354477942,-0.37659961
-1.508914948,-1.244701743,1.170207858,-1.235154867,-1.928767323,0.419593453,0.557155728
0.115653932,-0.750281811,-0.605710566,-3.825760603,1.226325035,-0.460474133,-0.223445579
0.511144161,2.940912008,-0.239026308,0.869172275,-0.434378684,-0.03062433,-0.287682772
-1.526667714,-1.219256878,0.66678673,-1.087351561,-2.218167305,1.039785624,0.2267901
0.161129236,-0.735799313,0.264252752,-3.948866129,0.803398073,-0.47700882,-0.093921416
0.451004684,2.947929382,0.520151794,0.995201945,-0.555649459,-0.236195087,-0.392350227
-1.528122306,-1.211899042,-0.887530684,-0.38709271,-3.411310673,1.005768776,0.009898573
0.16488184,-0.731463969,0.553338408,2.694627762,-1.783199191,0.016571283,-0.15642035
0.446008325,2.949003696,-0.777685404,-0.226015404,1.948847532,0.39665854,-0.179181978
-1.543469071,-1.202852726,0.021227963,0.553717256,-1.086794972,-0.059952319,0.374955893
0.205783218,-0.726264954,-0.132640272,-3.069766521,-2.85314703,-0.525869608,-0.549275398
0.391571641,2.951417923,-0.3313784,1.944512486,3.224877357,-0.198914587,-0.365745127
-1.544499516,-1.198073149,0.075702377,-2.76833868,-0.528190792,0.347506404,-0.065819263
0.208848938,-0.723497272,0.02043429,-1.036360741,0.671946347,-0.251461148,-0.401321828
0.387468159,2.952231407,-0.751484394,-0.607590675,3.628711224,-0.233106256,-0.061565146
-1.561864972,-1.141861439,0.79068315,-0.459612668,-3.37522006,-0.142224193,0.086611971
0.256959885,-0.690650165,0.191157877,2.626355171,-2.040914536,-0.214654446,0.198643506
0.322969556,2.962980509,-0.982065141,-0.289278507,2.16322279,-0.241667569,-0.376066208
-1.563033462,-1.134018421,1.471338153,-1.588734269,-1.577520013,0.289198607,0.437796801
0.260130137,-0.686090112,-0.620963216,-3.516608238,1.036448002,-0.057666481,0.03155902
0.318716347,2.96415019,-0.020726174,0.301472604,1.198158026,-0.101187646,-0.366468638
-1.57348597,-1.124992847,-0.950177014,0.390988946,-2.308097363,0.146109611,0.061817408
0.289841831,-0.680754185,-0.182051048,-3.172464371,-2.547523022,-0.472651184,-0.11940591
0.278670013,2.965435982,-0.479898572,1.944408059,2.79002285,-0.53037113,-0.369736373
-1.574783206,-1.112745523,-0.69330442,-2.906606674,-0.11554499,-0.229779661,0.319134474
0.29372108,-0.673480272,-0.016303167,1.015525699,-0.150557965,0.152684152,-0.214951918
0.273486853,2.967225075,-1.595533848,-0.394492507,4.530972004,-0.393232048,-0.305535138
-1.587127447,-1.080046892,-0.977320492,0.19520998,-2.163854837,0.206877112,0.227165371
0.329762816,-0.653817117,0.044698924,-3.357346535,-2.71065712,-0.312538266,-0.069761336
0.224724963,2.9707973,0.339011431,1.856364727,2.956667185,-0.375635087,-0.526051283
-1.588139534,-1.069942236,0.594720006,-0.406479716,1.628398538,0.616709173,-0.012231499
0.332996339,-0.647758603,0.033863366,-2.462291956,1.673754334,-0.534192145,-0.031837136
0.220287487,2.971860409,-0.578441203,3.16560626,3.968650579,-0.487670124,-0.154137537
-1.603338242,-1.046968102,0.997537017,-1.54548943,-0.629270852,0.260758549,0.322764516
0.378559589,-0.633800268,0.222791433,2.042383432,-1.908487797,-0.75519681,0.018423229
0.158431068,2.973196507,0.310439378,-0.405779123,3.873014212,0.142850548,-0.575241625
-1.604470491,-1.028709412,0.431344002,-0.796573281,-2.590751886,1.033656955,0.334980249
0.382453293,-0.622815669,-0.163197339,-3.906788349,0.237620831,-0.176378965,-0.018635765
0.153041199,2.974410057,-0.011182904,1.217665076,-0.745771348,0.198919356,-0.175492987
-1.615881801,-0.983253896,-0.563099861,0.098888516,-2.591622591,1.011038065,-0.145344079
0.417469561,-0.594662666,-0.157219067,-3.407030344,-2.0814569,-0.266604781,-0.205695719
0.105371848,2.975560665,0.045250237,1.903707147,2.774444103,0.803877831,-0.507177711
-1.616422296,-0.970338821,-0.025771774,-2.678818226,-0.624944091,0.523539066,0.304939806
0.419230074,-0.586622596,0.242690533,1.368877769,-1.136570334,-0.412887812,0.144396424
0.102878556,2.974893093,0.56077981,-0.449333549,4.196466446,-0.153145134,-0.279761314
-1.626466632,-0.979620814,0.36025095,2.039922237,-1.286635518,1.046989918,0.016892254
0.451535523,-0.592450202,-0.358169407,1.344364882,-1.343782425,-0.250017762,0.05114311
0.058527842,2.975161314,-0.316086292,1.437983871,4.113605976,-0.11407119,-0.289590538
-1.627626181,-0.962629259,0.50620842,-2.95811224,-0.137551904,0.157139093,0.172731996
0.455335587,-0.581835866,-0.3524836,-0.106342971,0.306328267,0.076426357,0.058888257
0.053365082,2.975062847,-0.806951702,-0.507369816,4.506655693,-0.0551368,-0.492371082
-1.637601256,-0.928662956,0.910531044,0.38455981,-3.39583993,0.513583899,0.238295019
0.487444967,-0.56051147,0.063027799,3.310967922,-1.097979426,0.002325088,-0.355288446
0.009238929,2.974444389,-0.332627714,-0.215381816,1.311718464,0.624731183,-0.184075579
-1.63847065,-0.916399896,0.676117957,-2.732776165,-0.523440003,-0.331826568,0.225818783
0.490681529,-0.552894115,-0.225735009,1.34771657,-0.940513968,-0.713762522,0.281134397
0.004793659,2.973573685,-0.810198486,-0.442614317,4.277451038,-0.708086193,-0.333140314
-1.650223374,-0.875817776,1.049803615,-0.495263457,-3.130988598,0.675292611,0.429083467
0.530216575,-0.527205527,-0.136390328,-3.814425945,-0.792676866,-0.439451158,-0.180434406
-0.049874321,2.97138238,0.751185477,1.381267428,0.79086113,-0.282436728,-0.552719235
-1.65151906,-0.860838056,0.805829287,-1.271669745,-0.917468131,1.421455979,0.327580184
0.534484148,-0.517698944,-0.238766924,2.113813877,-2.354511261,-0.413739324,-0.19695273
-0.05567918,2.96991396,-1.083133936,-0.424617589,3.63073802,0.910352588,-0.365554988
-1.666111112,-0.835578024,-0.119560756,0.771977782,-0.884385884,-0.017038345,0.184690833
0.584431112,-0.501524925,0.653064013,-2.849313259,-2.713663816,-0.44543457,-0.420854837
-0.124857366,2.96744132,1.055624008,1.992171407,3.34952569,-0.087615192,-0.336563945
-1.666718841,-0.815239191,1.310397625,-0.68283844,-2.590200901,0.717358708,0.126540288
0.586932778,-0.488482416,-0.644515753,-3.937441826,-0.115645491,-0.540678382,-0.397223145
-0.128426582,2.964905739,-0.257387996,1.508933783,-0.22207731,0.082585335,-0.138534948
