0,1,3,4,5
-0.139736623,0.325416058,-0.909042716,-2.627715826,-2.3883636
-1.235358357,-1.939516425,-2.680001974,0.089684337,-1.111780763
1.999464512,3.425862551,-2.172412634,-1.759655118,1.112935066
-0.164702177,0.375541151,-0.865753889,-2.651050329,-2.383882046
-1.223467469,-1.910957694,-2.681987286,0.149537265,-1.112478018
1.989273548,3.438111544,-2.179817915,-1.741068006,1.13244009
-0.497690558,1.055535793,-0.229935139,-2.927505255,-2.311002493
-1.055895209,-1.488134503,-2.69175005,0.990797043,-1.121272683
1.842060328,3.551222086,-2.27440834,-1.44598639,1.428419352
-0.515515208,1.07970798,-0.201032907,-2.933169127,-2.30262661
-1.046088457,-1.471125841,-2.68896842,1.023669481,-1.121676564
1.83319211,3.552349329,-2.276500463,-1.432339549,1.45821476
-0.633610845,1.209406137,-0.034716606,-2.943538904,-2.223825932
-0.97819078,-1.371255279,-2.658398628,1.201453924,-1.122420073
1.771300077,3.54785943,-2.278230667,-1.350213051,1.724580765
-0.647655845,1.222703934,-0.016880661,-2.941915274,-2.213994503
-0.969587207,-1.359710336,-2.653184891,1.219797373,-1.12203455
1.76333952,3.54583621,-2.277038574,-1.34057653,1.754695177
-0.741099834,1.295244932,0.08671698,-2.917579889,-2.110920906
-0.909963012,-1.290277839,-2.611075878,1.320648909,-1.108576536
1.707413673,3.526626348,-2.26124692,-1.280030608,2.023138523
-0.75243783,1.303374052,0.098547995,-2.913102388,-2.119069099
-0.90231216,-1.281483531,-2.604815483,1.331681252,-1.11009109
1.700117826,3.523218393,-2.258329391,-1.272499681,2.004799604
-0.84600538,1.361227274,0.189607784,-2.862769604,-2.119345903
-0.834986448,-1.211346507,-2.546461821,1.414707184,-1.110205054
1.634727359,3.489390612,-2.227856398,-1.206272721,2.003881454
-0.856306076,1.367471218,0.198620707,-2.856370687,-2.111418247
-0.827205777,-1.202763438,-2.539682865,1.42239356,-1.108894944
1.627081513,3.48440814,-2.224031448,-1.19909811,2.022768497
-0.928230882,1.405582666,0.263774931,-2.801649332,-2.104399204
-0.768673897,-1.144598007,-2.484148026,1.474430442,-1.107675791
1.56828022,3.44635582,-2.190833569,-1.143447757,2.039286137
-0.936588883,1.409862757,0.271494746,-2.794468164,-2.096909523
-0.76142931,-1.137330651,-2.476885319,1.479950905,-1.106275916
1.560907364,3.441063643,-2.186288595,-1.136668563,2.05600214
-0.994897842,1.438193083,0.325814247,-2.738080025,-2.046367407
-0.70837903,-1.084379077,-2.421621323,1.51674819,-1.094932199
1.505919456,3.399487257,-2.150768042,-1.085716367,2.160678148
-1.002484798,1.442038059,0.333139509,-2.729855776,-2.038662434
-0.700989008,-1.076252699,-2.413658857,1.521403313,-1.09294498
1.498169899,3.39258337,-2.145500422,-1.078538418,2.175161123
-1.053585291,1.464617014,0.382297397,-2.668284655,-2.011623621
-0.649309874,-1.024593949,-2.356608868,1.550738573,-1.0857867
1.443100929,3.346115589,-2.106957674,-1.026584268,2.225245476
-1.06029439,1.467410088,0.38867107,-2.659504414,-2.00692296
-0.642222762,-1.017436147,-2.348696709,1.554395914,-1.084571481
1.435424328,3.339298487,-2.101481676,-1.019392371,2.233820677
-1.101753235,1.484118938,0.431119472,-2.596708536,-1.988787174
-0.596040964,-0.970238686,-2.294054985,1.577012777,-1.079530239
1.384928942,3.292198658,-2.063156128,-0.968625426,2.265862703
-1.108170867,1.486625433,0.437686235,-2.585684538,-1.979481697
-0.588584542,-0.962499261,-2.285175562,1.580437422,-1.076808453
1.376622796,3.284186125,-2.056805611,-0.959885597,2.281726599
-1.147344828,1.500132561,0.478302807,-2.51758647,-1.925070643
-0.541212797,-0.915462852,-2.228164911,1.599336863,-1.060031533
1.323773265,3.233253479,-2.015656233,-0.906367421,2.369424105
-1.152543664,1.502147913,0.483620703,-2.509037256,-1.926192284
-0.534542263,-0.907328129,-2.220354795,1.601416826,-1.060365319
1.316223979,3.224097013,-2.009926558,-0.899744153,2.367756128
-1.191484094,1.513412714,0.526447892,-2.440144539,-1.93857646
-0.483313084,-0.857442617,-2.155270815,1.61637044,-1.064384103
1.257749796,3.166114807,-1.961718202,-0.846678615,2.348498344
-1.196177602,1.515013933,0.532237291,-2.429626942,-1.935614705
-0.476721883,-0.849198699,-2.146113396,1.618453026,-1.063396096
1.250129938,3.156203985,-1.954843163,-0.838657141,2.353155375
-1.229733467,1.52310133,0.570268512,-2.353820324,-1.890542746
-0.42900914,-0.801632524,-2.084008694,1.631425858,-1.048659086
1.194619179,3.097408772,-1.90786016,-0.781096697,2.420501471
-1.23377347,1.524037123,0.574987888,-2.344262123,-1.882429838
-0.423129082,-0.795093894,-2.076009274,1.632849216,-1.045921922
1.187709332,3.089082956,-1.901747227,-0.773928404,2.432183027
-1.278250933,1.531767607,0.627342582,-2.22496438,-1.852156401
-0.35460645,-0.729155421,-1.984095573,1.648213148,-1.035367131
1.106455326,3.002750635,-1.830810666,-0.684532762,2.474408388
-1.28020227,1.532329321,0.631458282,-2.217031956,-1.844689608
-0.351186454,-0.722647905,-1.976588726,1.649095535,-1.032700896
1.102293134,2.993999958,-1.8249439,-0.678601742,2.484163761
-1.299970388,1.535217762,0.662547946,-2.15353179,-1.796453714
-0.31832093,-0.68428731,-1.918556929,1.655370712,-1.01498282
1.062573671,2.941429377,-1.779436827,-0.631466389,2.546496153
-1.303097963,1.535618067,0.66630131,-2.144768238,-1.788853884
-0.313040674,-0.676919937,-1.911379218,1.656172037,-1.011972547
1.056068897,2.931120872,-1.773785472,-0.625000954,2.55466485
-1.329612732,1.537710428,0.699696898,-2.067140818,-1.767562389
-0.266821504,-0.629170358,-1.846181989,1.662522554,-1.003690243
0.999640644,2.863390923,-1.722110033,-0.567660451,2.58039403
-1.333392739,1.537928581,0.703716278,-2.056557655,-1.761512876
-0.259961486,-0.621285081,-1.838153005,1.663329124,-1.001429558
0.991252363,2.852015972,-1.715681791,-0.559848905,2.587554455
-1.371243238,1.538305283,0.747795463,-1.956953883,-1.746765375
-0.189542353,-0.54864192,-1.747612238,1.669714451,-0.995467544
0.903891146,2.744649649,-1.643095613,-0.486753315,2.604133368
-1.374694467,1.538194895,0.751875281,-1.945203304,-1.741101027
-0.182630301,-0.540959954,-1.739047527,1.670403719,-0.993270993
0.89515537,2.733050823,-1.636162162,-0.478129417,2.61081481
-1.396103024,1.53708005,0.784473658,-1.861883521,-1.679978132
-0.140120447,-0.498277724,-1.668874502,1.674564838,-0.968006372
0.841748655,2.667782545,-1.579334497,-0.417316884,2.674948215
-1.399697542,1.536728859,0.789159656,-1.84907496,-1.676329851
-0.132769287,-0.48897326,-1.658643246,1.67512393,-0.966436505
0.83241123,2.653367758,-1.571014166,-0.407973319,2.678232193
-1.420345902,1.534483194,0.820493519,-1.766872764,-1.651517153
-0.09005332,-0.442890525,-1.58867979,1.678331614,-0.955691814
0.778211772,2.581165314,-1.513983369,-0.348201126,2.702077866
-1.423173547,1.533974648,0.823994994,-1.758147717,-1.645603895
-0.083801985,-0.434647232,-1.580713272,1.678661108,-0.953221679
0.770237923,2.568123341,-1.507449269,-0.341855496,2.707776546
-1.442202687,1.530929565,0.851692319,-1.681411624,-1.597272635
-0.04207623,-0.390194297,-1.51691699,1.681061029,-0.931567192
0.716619909,2.496876955,-1.455066681,-0.286236435,2.749978542
-1.445979357,1.530147076,0.855779648,-1.67022872,-1.580647588
-0.033544004,-0.380309343,-1.507383108,1.681382656,-0.924027324
0.705647171,2.480882645,-1.447217822,-0.278169543,2.764305115
-1.464012027,1.526243925,0.886466503,-1.58128345,-1.551929951
0.006834835,-0.335921109,-1.434487343,1.683511496,-0.910556674
0.653578818,2.408262491,-1.387040019,-0.213926643,2.786551952
-1.466309786,1.525472164,0.890303731,-1.571502686,-1.539044142
0.012316227,-0.327923208,-1.425228119,1.683722019,-0.904481649
0.646456361,2.395085335,-1.379383564,-0.206877679,2.796010017
-1.483030796,1.52114892,0.91953373,-1.49149251,-1.529657602
0.051669613,-0.286112219,-1.353821397,1.685153484,-0.899850488
0.595196664,2.325480938,-1.320165992,-0.149264336,2.802687645
-1.484598875,1.520373583,0.922197938,-1.485985875,-1.521075726
0.055473,-0.279179573,-1.347227573,1.685230017,-0.895862222
0.59024024,2.313857794,-1.314686656,-0.145322502,2.808500767
-1.500109792,1.514933109,0.948877692,-1.410321116,-1.471226215
0.093965441,-0.232977033,-1.280357003,1.686256886,-0.871352911
0.539574802,2.235684633,-1.258902669,-0.091000766,2.841584682
-1.503158331,1.513376713,0.952886462,-1.402068615,-1.45784688
0.101671979,-0.22071752,-1.270159006,1.686345339,-0.864658833
0.529401481,2.214747667,-1.25042522,-0.085100979,2.849207878
-1.520164609,1.50685811,0.980827808,-1.330155373,-1.425234675
0.144335523,-0.171898156,-1.198561907,1.687024117,-0.847909093
0.47328639,2.130819321,-1.190625072,-0.033572555,2.86790204
-1.521695852,1.506102085,0.982160926,-1.326954126,-1.412866116
0.148274928,-0.166532546,-1.195135117,1.687040567,-0.841563344
0.46807611,2.121518612,-1.18776679,-0.031247824,2.874127865
-1.536441565,1.499627829,1.005401373,-1.254849195,-1.381570697
0.187326998,-0.122259945,-1.134283543,1.687521219,-0.825088263
0.41609925,2.044318676,-1.136670947,0.020264655,2.889639378
-1.538380027,1.498751879,1.008216977,-1.245317101,-1.37314868
0.192624152,-0.116425127,-1.126865625,1.687572241,-0.820715785
0.408989787,2.034075499,-1.130446315,0.027064174,2.893442631
-1.552741051,1.491974354,1.034646749,-1.158350706,-1.359318733
0.231750876,-0.073078752,-1.056402922,1.687866211,-0.813330293
0.356755435,1.957605362,-1.071125388,0.089104265,2.899785757
-1.554932952,1.490604877,1.038208127,-1.147280455,-1.349708319
0.238075852,-0.064662248,-1.046791673,1.687864065,-0.808119893
0.348231077,1.942688465,-1.063009381,0.096968979,2.903674603
-1.567712545,1.483953476,1.061213851,-1.07619369,-1.312132716
0.273553193,-0.024892867,-0.984368622,1.687880754,-0.787727714
0.300612032,1.871675491,-1.010415196,0.147569627,2.91858387
-1.568903565,1.482928753,1.062736511,-1.070622921,-1.300326109
0.277036071,-0.01887852,-0.980211675,1.687868118,-0.781338096
0.295895457,1.860927343,-1.006905079,0.151540652,2.922990561
-1.584124804,1.473160505,1.095670938,-0.983673096,-1.279808402
0.320952654,0.036342531,-0.889133155,1.687688589,-0.769965291
0.236682847,1.761373043,-0.929854631,0.213312298,2.930357933
-1.58555162,1.47187376,1.097329378,-0.979739547,-1.27045691
0.325294137,0.043478161,-0.884530365,1.68765378,-0.764627695
0.230711862,1.74841547,-0.926003098,0.216114104,2.932739496
-1.595890641,1.464560509,1.120253921,-0.91738826,-1.225660086
0.355878681,0.082704037,-0.820068181,1.687407732,-0.739365518
0.189306393,1.677025795,-0.871340513,0.260320693,2.945803404
-1.596988797,1.463283062,1.121888876,-0.910461545,-1.21372509
0.359727502,0.08945775,-0.815447628,1.687366247,-0.73254782
0.183961406,1.664668322,-0.867421389,0.265233755,2.948608398
-1.611366153,1.4532094,1.146545887,-0.833843946,-1.169676185
0.403740615,0.141208887,-0.745098591,1.686909914,-0.707114697
0.123991415,1.569602251,-0.807644129,0.319471061,2.958141804
-1.612546086,1.451780558,1.148372054,-0.82404995,-1.158242583
0.407305956,0.148445219,-0.739814937,1.686853886,-0.700235069
0.119089141,1.556243181,-0.803112864,0.326384068,2.96001339
-1.620436192,1.446365595,1.164785385,-0.766022205,-1.127586126
0.431915045,0.175373822,-0.692483187,1.686406374,-0.68223536
0.085540935,1.506433129,-0.762919068,0.367455691,2.965073109
-1.621093035,1.444954157,1.165491462,-0.764674425,-1.119343281
0.43403855,0.182371467,-0.690419555,1.686397552,-0.677405
0.082663372,1.493430853,-0.761127353,0.368405759,2.965958834
-1.637078524,1.433693886,1.196015835,-0.670170486,-1.121942401
0.485987902,0.236688167,-0.601244211,1.685567617,-0.678885937
0.01128082,1.392292261,-0.685090542,0.435111612,2.966012955
-1.638213515,1.43203783,1.19787395,-0.662985563,-1.112901688
0.490076959,0.244447708,-0.59576875,1.685494184,-0.673582315
0.005545035,1.377771735,-0.680442572,0.440197527,2.96712923
-1.648004889,1.423554182,1.21869874,-0.590645969,-1.038070202
0.522982121,0.283977538,-0.53409034,1.684738874,-0.628407776
-0.039976224,1.303594232,-0.627743185,0.491179585,2.973755836
-1.64975059,1.4217453,1.220969439,-0.582903326,-1.030792236
0.528649688,0.292365104,-0.527314365,1.684657335,-0.623967826
-0.047756433,1.287826419,-0.621982276,0.496629,2.974202633
-1.659112096,1.414364576,1.241158485,-0.509269953,-0.995332599
0.560264468,0.325990379,-0.466997892,1.683811665,-0.60211128
-0.091426268,1.22441721,-0.570443094,0.548509598,2.975258589
-1.660296321,1.412685633,1.242343307,-0.507115781,-0.986453176
0.564477444,0.3336052,-0.463483006,1.683763027,-0.596668482
-0.097254567,1.210015774,-0.567478061,0.550036073,2.975676537
-1.66801393,1.403738976,1.25817287,-0.462785512,-0.94105041
0.591154873,0.373552471,-0.415683895,1.683216333,-0.568386674
-0.134222597,1.134348869,-0.526519835,0.581222296,2.974628448
-1.669216514,1.401714087,1.259597659,-0.461874306,-0.923211634
0.595934153,0.382476062,-0.411400378,1.683195829,-0.557120085
-0.140999332,1.117387056,-0.522869587,0.581845164,2.973864555
-1.678795576,1.391800404,1.284662366,-0.389232606,-0.867451549
0.629927814,0.425844759,-0.335123271,1.682263136,-0.521832585
-0.188306987,1.034817219,-0.457473844,0.632878304,2.970485926
-1.6800735,1.389909029,1.28663826,-0.380215317,-0.852858961
0.634569407,0.43405363,-0.329131097,1.682137251,-0.512564301
-0.194740951,1.019179702,-0.452376753,0.639264345,2.969085693
-1.6865201,1.385160446,1.305899143,-0.314163208,-0.834565163
0.657492459,0.454429656,-0.270024896,1.681198597,-0.500719905
-0.226642102,0.980258942,-0.401745647,0.685634017,2.967282295
-1.687422872,1.383154869,1.307451606,-0.311369777,-0.830594242
0.661185861,0.463047773,-0.265185386,1.681158543,-0.498176813
-0.23186411,0.963739574,-0.397500128,0.687582612,2.966385126
-1.696203828,1.372661591,1.32990098,-0.253263623,-0.780554891
0.69372052,0.507628918,-0.19574973,1.680324793,-0.465928316
-0.27743113,0.878277183,-0.337981254,0.728375912,2.960258484
-1.697384238,1.371543169,1.330276251,-0.249971926,-0.776100218
0.697918177,0.512384653,-0.194611847,1.680254459,-0.463095844
-0.28329283,0.869182944,-0.337020367,0.730689287,2.959636211
-1.702310562,1.364845514,1.341165781,-0.201222271,-0.754598737
0.716690183,0.540344954,-0.160686433,1.67952466,-0.449136019
-0.309605241,0.815366387,-0.307837993,0.764878035,2.956138849
-1.70357883,1.362663746,1.343204498,-0.193781406,-0.741665006
0.721770227,0.549501061,-0.154216543,1.679392099,-0.440715611
-0.316820323,0.797741473,-0.302220553,0.770062983,2.954244137
-1.710438013,1.356292725,1.358872652,-0.142719656,-0.720179677
0.74742651,0.576014161,-0.105323747,1.678583145,-0.426697135
-0.352719247,0.746687829,-0.26031366,0.80588305,2.950305462
-1.71119535,1.354967833,1.359390616,-0.140805244,-0.707668185
0.750449777,0.581453562,-0.103674486,1.678552628,-0.418553352
-0.357014894,0.736177683,-0.258867472,0.807221174,2.948051691
-1.716417074,1.348265171,1.376283526,-0.074933439,-0.678596377
0.770887136,0.609036207,-0.050567362,1.677492857,-0.399491549
-0.385877967,0.682846904,-0.213207304,0.853343725,2.942308903
-1.717794061,1.345556259,1.377813458,-0.068428308,-0.655132174
0.776339948,0.620292068,-0.045700293,1.677381516,-0.383977592
-0.393538475,0.66111213,-0.208972782,0.857886076,2.937240839
-1.724960446,1.338080645,1.395069361,-0.019228633,-0.635269105
0.803938329,0.650736332,0.008824933,1.676555872,-0.37083745
-0.432326019,0.602199495,-0.1621041,0.892361879,2.932887793
-1.725726008,1.336549759,1.39681983,-0.015413549,-0.611758053
0.807312369,0.656975746,0.014428411,1.676488638,-0.355317414
-0.437162817,0.590125024,-0.157232881,0.895016909,2.927515745
-1.731926799,1.329144001,1.416496515,0.033990566,-0.552698612
0.831872106,0.687060356,0.076864094,1.675633192,-0.315935016
-0.471770346,0.531820476,-0.103628911,0.929604769,2.912664413
-1.732617021,1.327789903,1.415712833,0.032114241,-0.535493731
0.835022569,0.692524433,0.074447945,1.675653934,-0.304491699
-0.476296961,0.521186471,-0.105620705,0.928278327,2.908046722
-1.738421082,1.321043134,1.431785822,0.088114291,-0.501752138
0.858320057,0.719819784,0.125809044,1.674675941,-0.281804681
-0.509236217,0.468222082,-0.061361201,0.96742928,2.898253202
-1.739239693,1.319802761,1.432539582,0.091779411,-0.471356153
0.861596704,0.724760413,0.128245324,1.674625397,-0.261413574
-0.513852537,0.458594263,-0.059235133,0.969994545,2.889695168
-1.743384719,1.313694119,1.448358536,0.156368971,-0.423529088
0.878531933,0.749322414,0.179164663,1.673478603,-0.229168415
-0.537891984,0.410779148,-0.015183143,1.015147567,2.874887466
-1.744312763,1.310617208,1.452819347,0.162151098,-0.410441816
0.882535636,0.761700869,0.193387553,1.673364162,-0.220402598
-0.543604076,0.386708409,-0.003001638,1.019183636,2.870382309
-1.751098394,1.301749468,1.466792941,0.184903264,-0.419120938
0.910036802,0.797189713,0.238275245,1.672950268,-0.226182967
-0.582445264,0.317725927,0.035534881,1.035089016,2.873420477
-1.75148499,1.301118374,1.465797186,0.185099363,-0.408941835
0.912098646,0.79966867,0.235039726,1.672940254,-0.219338298
-0.585514784,0.312884867,0.03270603,1.035243273,2.869871616
-1.109503269,1.504864454,0.506334543,-2.449331522,0.124099493
-0.586881042,-0.896484852,-2.186365366,1.614566326,0.14552471
1.374767303,3.211793184,-1.984966874,-0.8536973,2.656429529
-1.11800468,1.506350994,0.508202076,-2.448425055,0.138208449
-0.576580524,-0.890039563,-2.183512926,1.614743233,0.15524295
1.36309886,3.204386473,-1.98282373,-0.853026032,2.649886131
-1.178596377,1.516490698,0.538574457,-2.402341127,0.158096194
-0.500131011,-0.841397047,-2.136047125,1.623427868,0.169018194
1.2768929,3.146764994,-1.947300792,-0.817847848,2.640588284
-1.186590552,1.517942905,0.543721497,-2.393472195,0.167251945
-0.489438713,-0.833276868,-2.127687931,1.624984503,0.17531988
1.264564991,3.136851788,-1.940985322,-0.811150312,2.636265039
-1.235812426,1.526203632,0.581423461,-2.322207928,0.190684199
-0.419401109,-0.779112697,-2.065043926,1.636040688,0.191474155
1.182999372,3.068621874,-1.893329501,-0.757341623,2.625193596
-1.242464781,1.527366161,0.587004423,-2.310474634,0.200298786
-0.409375787,-0.770165682,-2.055539131,1.637734652,0.198140293
1.171291113,3.05703783,-1.886027694,-0.748476148,2.620924234
-1.282904506,1.532970428,0.625799298,-2.226378441,0.214729309
-0.346266091,-0.71520412,-1.986913443,1.648065567,0.208114311
1.096167684,2.983917713,-1.832980752,-0.685575724,2.614081383
-1.287926435,1.533614159,0.631067038,-2.214822769,0.217549682
-0.337887943,-0.706892252,-1.977306366,1.649315119,0.210025698
1.086039543,2.97255969,-1.825481057,-0.676983356,2.612617016
-1.321104288,1.536745787,0.66839838,-2.129510164,0.244154215
-0.281526864,-0.654723644,-1.907380819,1.657535553,0.228402302
1.017594576,2.899893522,-1.770606756,-0.613688946,2.599773645
-1.325596809,1.537144423,0.673165441,-2.118063927,0.247786522
-0.273656428,-0.646198511,-1.898238301,1.658532143,0.230931163
1.007948995,2.887795925,-1.763399124,-0.605199218,2.59796834
-1.35663271,1.538407803,0.712197781,-2.024237871,0.257638097
-0.217406631,-0.590450764,-1.821069002,1.665560007,0.237707406
0.93860811,2.806943178,-1.702040315,-0.536117077,2.593347788
-1.359944463,1.538442612,0.716944337,-2.012326956,0.264591575
-0.210862815,-0.582051158,-1.811442256,1.666363239,0.242542163
0.930451334,2.794584274,-1.694319129,-0.527338147,2.589890718
-1.385816574,1.537987709,0.752416372,-1.922398329,0.309120774
-0.160827667,-0.530223131,-1.737874031,1.671612024,0.273329347
0.867832363,2.71674943,-1.635237575,-0.461478561,2.568249464
-1.389284372,1.537748575,0.756437778,-1.912349224,0.313704312
-0.153514177,-0.521329403,-1.729323864,1.67213726,0.276461273
0.858551204,2.703191519,-1.628313541,-0.454116851,2.565802097
-1.414203405,1.535915852,0.790976167,-1.820576191,0.314145684
-0.10289079,-0.470286071,-1.65463829,1.676316023,0.27675736
0.794540584,2.624277353,-1.567782283,-0.387243181,2.565578222
-1.417132854,1.535494804,0.795238614,-1.807509661,0.323261976
-0.096408933,-0.461883456,-1.645202637,1.67685914,0.283061355
0.786283255,2.611142159,-1.560062289,-0.377711624,2.561066389
-1.437872171,1.532701254,0.826928616,-1.712266922,0.379536986
-0.052101851,-0.414489359,-1.57404232,1.680150509,0.321974993
0.729653418,2.535966158,-1.501925826,-0.308592051,2.533075094
-1.440822244,1.532006741,0.832194209,-1.699815154,0.380120754
-0.045051366,-0.404735446,-1.562006235,1.68053174,0.322369218
0.720473707,2.520327806,-1.492053986,-0.299598545,2.53283
-1.471708179,1.525742292,0.880834103,-1.568901777,0.359410167
0.025212526,-0.330628812,-1.447984457,1.683764458,0.308003008
0.629655898,2.399558067,-1.398188233,-0.205000609,2.543120623
-1.474702477,1.524837971,0.884795666,-1.558776259,0.366183996
0.032236606,-0.321393609,-1.438460112,1.683960676,0.312770426
0.620410085,2.384234905,-1.390317917,-0.197734684,2.539788246
-1.496730685,1.518433571,0.919603348,-1.475052834,0.399693608
0.085162908,-0.262185842,-1.353572607,1.685389519,0.335934877
0.551251888,2.285235882,-1.319909573,-0.137524545,2.522945404
-1.498666406,1.517598867,0.923648,-1.461433649,0.41727376
0.090094551,-0.254965752,-1.34357357,1.685609341,0.348078996
0.544818938,2.273029566,-1.311581492,-0.127722353,2.514087677
-1.515555859,1.511423588,0.955509663,-1.365911365,0.465133369
0.132690087,-0.205680877,-1.263518572,1.686715126,0.381186306
0.488594949,2.189031601,-1.244913697,-0.059179991,2.489732504
-1.51785326,1.510195017,0.958640337,-1.355659008,0.469529808
0.138856739,-0.196334988,-1.255585909,1.686833858,0.384190679
0.48037529,2.172958136,-1.238242269,-0.051823586,2.487322569
-1.534212947,1.503397465,0.987689376,-1.263903379,0.464939177
0.18153739,-0.147684216,-1.180634975,1.687499285,0.380996764
0.423763752,2.088728666,-1.17552197,0.013774544,2.489655495
-1.536392927,1.502204418,0.991266727,-1.252644897,0.470813274
0.18739453,-0.139454544,-1.171359539,1.687550783,0.385111481
0.415907264,2.074368,-1.167742968,0.021843672,2.486732483
-1.554589152,1.495129347,1.024656773,-1.139455318,0.403941751
0.236276805,-0.093006134,-1.083217859,1.687871933,0.338785321
0.350823879,1.992846966,-1.093721032,0.102566242,2.520803213
-1.555437684,1.494154692,1.027150393,-1.132128119,0.416100323
0.238849163,-0.086844921,-1.076526642,1.687892914,0.347284675
0.347300768,1.981970072,-1.088108659,0.107788056,2.514823914
-1.56703043,1.486850262,1.052355289,-1.062646389,0.468160808
0.271487415,-0.042146504,-1.008491516,1.687856674,0.383264095
0.303462744,1.902551651,-1.030721664,0.157220617,2.488130093
-1.568288684,1.485435724,1.056043744,-1.053543448,0.482637286
0.275236279,-0.033513606,-0.998419106,1.687855482,0.39325738
0.29827404,1.88711381,-1.022155881,0.163686097,2.480562687
-1.593078494,1.470308542,1.099986196,-0.915405452,0.463178635
0.347557932,0.051990926,-0.877038538,1.687382698,0.379781038
0.20050244,1.73294735,-0.919593573,0.261707425,2.490519047
-1.594292998,1.468691587,1.102461338,-0.907754064,0.480643868
0.35125801,0.060671359,-0.870123327,1.687340021,0.391898185
0.195500687,1.717138529,-0.913730264,0.267132938,2.481570959
-1.604860425,1.460973978,1.130302906,-0.839247167,0.533742368
0.383691072,0.101499915,-0.791486442,1.686960697,0.428637296
0.151325449,1.642588854,-0.847044051,0.315665632,2.454254866
-1.606626987,1.459450245,1.132341027,-0.833190739,0.547269046
0.389095664,0.109506637,-0.785684288,1.686906815,0.437979043
0.143957481,1.627909899,-0.842104018,0.319928706,2.447000265
-1.626209736,1.445586681,1.17320466,-0.701779366,0.563294172
0.451023221,0.179239362,-0.667940676,1.685870409,0.449017137
0.059224471,1.499210119,-0.741866708,0.412800968,2.438558817
-1.628124714,1.442732811,1.177116036,-0.693011165,0.571592331
0.457256496,0.193280309,-0.656578183,1.685786247,0.454829603
0.050628975,1.473161101,-0.73222065,0.419006079,2.434109926
-1.642655492,1.429553509,1.203220963,-0.639852047,0.560345471
0.504678607,0.256035417,-0.579986215,1.685258627,0.446990788
-0.014582738,1.356069088,-0.666955709,0.456498384,2.440329075
-1.64383781,1.42825532,1.205438375,-0.630238652,0.570338607
0.508472562,0.262221068,-0.573387921,1.685153961,0.453975677
-0.019750923,1.344479918,-0.661306083,0.463251531,2.435099602
-1.65152657,1.420974255,1.225894809,-0.556743145,0.587286413
0.534093976,0.295922667,-0.512671173,1.684373617,0.465684235
-0.055089749,1.281128883,-0.609447718,0.515083671,2.426105976
-1.652777314,1.419150591,1.228067875,-0.550357223,0.596613288
0.538915634,0.304269522,-0.506176293,1.684277534,0.472109139
-0.061884999,1.26542151,-0.60392791,0.5195539,2.421318054
-1.663914323,1.409702063,1.251869917,-0.474898666,0.631489754
0.577190816,0.346910506,-0.43471387,1.68337965,0.49624598
-0.114933282,1.184857249,-0.542751431,0.572681308,2.402801752
-1.665009856,1.408269882,1.254561901,-0.462424129,0.642858386
0.580870748,0.353436947,-0.426624119,1.683235407,0.50415957
-0.120040476,1.172495365,-0.535871625,0.581443548,2.396704197
-1.674353957,1.400467157,1.277828455,-0.383915246,0.672239065
0.613744974,0.388039261,-0.356058687,1.682183027,0.524490058
-0.165674016,1.106861353,-0.475487858,0.636658728,2.381010294
-1.675237298,1.398709059,1.279115438,-0.380545706,0.679281235
0.617237926,0.395614475,-0.352061868,1.682135105,0.529359281
-0.17062977,1.092409611,-0.472019821,0.639009058,2.377216578
-1.683825135,1.38896203,1.2991364,-0.320625842,0.674033403
0.647863626,0.438085288,-0.290879279,1.681295156,0.525728881
-0.213199496,1.011475801,-0.419676453,0.681104898,2.380074501
-1.684624314,1.387759924,1.299146652,-0.32050845,0.676738977
0.650998712,0.443312019,-0.290833384,1.681275129,0.527610421
-0.217610747,1.001514196,-0.419620365,0.681198478,2.378636122
-1.692572594,1.380480528,1.320139766,-0.256873906,0.69208014
0.679898024,0.474451333,-0.226028934,1.680358648,0.538170457
-0.257930219,0.941925883,-0.363987654,0.725853384,2.370384693
-1.693265319,1.378954172,1.321473479,-0.251843303,0.70319128
0.682817161,0.480965108,-0.22189264,1.680284262,0.545908272
-0.262091219,0.929421604,-0.360398591,0.729367912,2.364246607
-1.701015353,1.370673895,1.340135336,-0.192839593,0.721793175
0.7115165,0.515970826,-0.163905978,1.679395676,0.558715403
-0.302302331,0.862229109,-0.310630232,0.77073431,2.354372025
-1.701870084,1.368331432,1.34167707,-0.185914695,0.734734058
0.715206087,0.525818229,-0.15905267,1.679280996,0.567702353
-0.307517409,0.843322515,-0.306383938,0.775605798,2.347164869
-1.712781549,1.355445862,1.364126682,-0.146664739,0.711021304
0.756801367,0.579527974,-0.088762298,1.678663731,0.551330805
-0.366003335,0.739868402,-0.245942682,0.803095818,2.360116482
-1.71367681,1.353116274,1.366307974,-0.139908105,0.711514235
0.759861648,0.589145899,-0.081947461,1.678546906,0.551672101
-0.37013334,0.721307993,-0.240153879,0.807827234,2.359983921
-1.720026255,1.345105886,1.383316398,-0.086739063,0.698169231
0.784279406,0.622103453,-0.028389085,1.677672863,0.542396367
-0.404532373,0.657677293,-0.19416371,0.845080614,2.366960526
-1.720142365,1.344771385,1.38349998,-0.080585957,0.708862305
0.784649909,0.623456001,-0.027825851,1.677580833,0.549747586
-0.404983759,0.655058861,-0.193686038,0.849393964,2.361360312
-1.724196553,1.340658665,1.393803239,-0.035490748,0.734394312
0.800788939,0.64025712,0.004797611,1.676819324,0.567456007
-0.427868426,0.622507691,-0.16557458,0.880968928,2.34758997
-1.724879265,1.338921309,1.394364119,-0.032830831,0.73943603
0.803897381,0.64734745,0.006591495,1.676781416,0.570966721
-0.432279527,0.608776867,-0.164028436,0.882827163,2.344892502
-1.730864644,1.331767559,1.410975099,0.03217319,0.745547414
0.827783823,0.676437974,0.059393022,1.675670385,0.575171709
-0.466035783,0.552385867,-0.118540131,0.928298473,2.341290236
-1.731751084,1.33017242,1.411944985,0.035829041,0.762576818
0.831400275,0.682842255,0.062532246,1.675611258,0.58695358
-0.471190453,0.539961517,-0.115795292,0.93087709,2.332158089
-1.746953607,1.318405271,1.446891904,0.174102932,0.779196739
0.8924191,0.730420113,0.17416881,1.673153877,0.598480761
-0.557354093,0.447618753,-0.01976452,1.027562857,2.323298693
-1.746330261,1.317305565,1.445955753,0.172036409,0.791977167
0.889856219,0.734862804,0.1712185,1.673187256,0.607331395
-0.553792179,0.438994169,-0.022253163,1.026113629,2.316140413
-1.054733276,1.462933302,0.379720122,-2.674513102,-1.731924415
-0.648161769,-1.028734207,-2.359675884,1.548117876,-0.989487886
1.441878319,3.350008726,-2.109040022,-1.031756043,2.620851517
-1.062536478,1.466608763,0.387666285,-2.664471865,-1.730882406
-0.639787316,-1.019509196,-2.349958897,1.55231452,-0.989198089
1.432739258,3.341270685,-2.102352858,-1.023473144,2.622654676
-1.127594948,1.491723299,0.44979167,-2.581376314,-1.695866823
-0.565606117,-0.94585228,-2.268640757,1.581809044,-0.974607348
1.351190925,3.266533613,-2.04499197,-0.956422925,2.658948421
-1.132754326,1.493822575,0.455798507,-2.571015835,-1.690564156
-0.559348464,-0.938598037,-2.260253191,1.584915161,-0.972473621
1.344208479,3.258718729,-2.038927078,-0.948245764,2.664218903
-1.169398546,1.505604506,0.497429729,-2.498649597,-1.683081746
-0.513036788,-0.893363476,-2.19984889,1.60387826,-0.96928978
1.291876316,3.208197355,-1.994856,-0.891697764,2.671830654
-1.17391026,1.507522106,0.503272653,-2.488804579,-1.68012929
-0.506914735,-0.885117292,-2.191063643,1.606158733,-0.968161941
1.284856915,3.198713779,-1.988337159,-0.884079099,2.675030708
-1.210638046,1.517732859,0.543228149,-2.417253971,-1.673870921
-0.456645012,-0.834449649,-2.128520966,1.62075305,-0.965427876
1.22685194,3.13825202,-1.941628098,-0.829222918,2.680869579
-1.21553278,1.519009829,0.548578203,-2.406186819,-1.670062661
-0.449515224,-0.827130079,-2.119810104,1.622752905,-0.963855267
1.218527317,3.129269361,-1.935027242,-0.820810676,2.68492794
-1.283399105,1.532542467,0.630158544,-2.24014616,-1.553522229
-0.345698476,-0.720491648,-1.978971004,1.646504641,-0.91118753
1.095511436,2.991078615,-1.82681942,-0.695857882,2.785290003
-1.287650824,1.533127308,0.634831548,-2.228058577,-1.548766375
-0.338795781,-0.713603854,-1.970386505,1.647864819,-0.909040093
1.087251425,2.981714487,-1.820103288,-0.686847806,2.788878441
-1.313844562,1.535978079,0.668692946,-2.151070833,-1.523352146
-0.294600725,-0.671398044,-1.906829834,1.655611277,-0.896846771
1.033749104,2.923430204,-1.770192981,-0.629630566,2.807208061
-1.317045689,1.536297321,0.672777534,-2.141629219,-1.522017717
-0.288971364,-0.665284157,-1.89896822,1.656469107,-0.896253824
1.026826739,2.914848566,-1.76398015,-0.622647166,2.807958841
-1.341197968,1.537874699,0.704204023,-2.062988043,-1.490873337
-0.246037066,-0.622297645,-1.837140679,1.662845373,-0.880933523
0.974115551,2.853473425,-1.714877009,-0.564629078,2.828780174
-1.344059587,1.538073301,0.709142685,-2.051500559,-1.489565372
-0.240735233,-0.613475442,-1.827232122,1.66370368,-0.880366087
0.967545092,2.840695143,-1.706947088,-0.55612278,2.829893112
-1.368791223,1.538462162,0.7424227,-1.978527188,-1.495438814
-0.194264352,-0.566749215,-1.758878708,1.668459415,-0.883267283
0.909787476,2.77181983,-1.652186036,-0.502566457,2.826078653
-1.371588469,1.538394928,0.746211171,-1.968634605,-1.489859819
-0.189010412,-0.560697079,-1.750953078,1.669036388,-0.880496264
0.903293908,2.762773037,-1.645772696,-0.495312542,2.829559326
-1.384299278,1.536904812,0.808155894,-1.782737017,-1.516274214
-0.164957702,-0.493490696,-1.616578817,1.677747726,-0.893414617
0.87342459,2.660446882,-1.536910653,-0.359676927,2.811574459
-1.384018302,1.536822557,0.80809927,-1.784950137,-1.492732286
-0.165156841,-0.491517872,-1.616704702,1.67766571,-0.882144451
0.873546064,2.657391787,-1.536999345,-0.361295432,2.827965975
-1.399257302,1.535769224,0.814046502,-1.789643168,-1.531651616
-0.134079039,-0.467116296,-1.603316665,1.67748642,-0.900863171
0.834226549,2.619318008,-1.526019692,-0.36471352,2.801264524
-1.401861668,1.535449982,0.815696239,-1.78482151,-1.514859915
-0.128377199,-0.461014181,-1.599582434,1.677688599,-0.892917514
0.826938331,2.609786272,-1.522958875,-0.36120829,2.812660217
-1.422572374,1.53324461,0.837124705,-1.736785412,-1.417718053
-0.085197419,-0.423012555,-1.550682902,1.679363012,-0.844096899
0.772087336,2.549599886,-1.482854486,-0.326357633,2.871828556
-1.425110698,1.53284049,0.840306759,-1.727737427,-1.407315969
-0.079636097,-0.416992456,-1.543317676,1.679666042,-0.838625312
0.764861941,2.539979696,-1.476773262,-0.319820613,2.877309799
-1.48867619,1.520338535,0.924927115,-1.490348101,-1.295254827
0.065261438,-0.278894663,-1.340440273,1.685165644,-0.778461814
0.577481031,2.313371658,-1.309037805,-0.148477942,2.925043106
-1.490661383,1.519571781,0.927881122,-1.480190516,-1.291449189
0.070236087,-0.272065759,-1.333037972,1.685335159,-0.776382565
0.57089895,2.301867247,-1.302840114,-0.141178161,2.926205635
-1.506986737,1.513944864,0.955600739,-1.400093198,-1.254893184
0.110726014,-0.225193858,-1.26330328,1.686380863,-0.755992293
0.517664671,2.222400427,-1.244729042,-0.083660901,2.937923193
-1.508914948,1.512830496,0.958622336,-1.38900125,-1.244701743
0.115653932,-0.216312379,-1.255627513,1.686507225,-0.750281811
0.511144161,2.207268953,-1.238309741,-0.075710028,2.940912008
-1.526667714,1.506309032,0.986990094,-1.300418258,-1.219256878
0.161129236,-0.167994618,-1.182565689,1.687243938,-0.735799313
0.451004684,2.124072313,-1.177202582,-0.012298912,2.947929382
-1.528122306,1.505563736,0.989455819,-1.291837335,-1.211899042
0.16488184,-0.162683159,-1.176097393,1.687321424,-0.731463969
0.446008325,2.114822626,-1.171750903,-0.006170839,2.949003696
-1.543469071,1.498544693,1.020822048,-1.220308781,-1.202852726
0.205783218,-0.115015864,-1.093432903,1.687669754,-0.726264954
0.391571641,2.031608343,-1.102355957,0.044893622,2.951417923
-1.544499516,1.497427464,1.022852182,-1.210346341,-1.198073149
0.208848938,-0.107751369,-1.088027716,1.68772006,-0.723497272
0.387468159,2.018851995,-1.097812772,0.05202353,2.952231407
-1.561864972,1.489626169,1.045881391,-1.140468478,-1.141861439
0.256959885,-0.058686018,-1.026104331,1.687866211,-0.690650165
0.322969556,1.932042837,-1.045606732,0.101832137,2.962980509
-1.563033462,1.488557339,1.048306942,-1.131239533,-1.134018421
0.260130137,-0.05221042,-1.019472957,1.687873363,-0.686090112
0.318716347,1.920511961,-1.03999269,0.108394504,2.96415019
-1.57348597,1.482089281,1.071495891,-1.055796504,-1.124992847
0.289841831,-0.014050245,-0.956129372,1.687850475,-0.680754185
0.278670013,1.852260351,-0.986533165,0.162079439,2.965435982
-1.574783206,1.480834484,1.07482779,-1.044292331,-1.112745523
0.29372108,-0.006710649,-0.946905077,1.687851191,-0.673480272
0.273486853,1.83912158,-0.978660703,0.170251667,2.967225075
-1.587127447,1.473224878,1.097915292,-0.977876842,-1.080046892
0.329762816,0.036026269,-0.882848263,1.687660694,-0.653817117
0.224724963,1.761965275,-0.924524426,0.217418343,2.9707973
-1.588139534,1.472000837,1.10098505,-0.968811154,-1.069942236
0.332996339,0.042806834,-0.874265611,1.687654257,-0.647758603
0.220287487,1.749681711,-0.917206883,0.223847508,2.971860409
-1.603338242,1.461962938,1.130568862,-0.890651941,-1.046968102
0.378559589,0.096390158,-0.790728927,1.687255621,-0.633800268
0.158431068,1.651973486,-0.846410871,0.279248506,2.973196507
-1.604470491,1.460644007,1.132061839,-0.881244242,-1.028709412
0.382453293,0.103321612,-0.786518633,1.687212944,-0.622815669
0.153041199,1.639267206,-0.842852712,0.285901845,2.974410057
-1.615881801,1.452916145,1.155468583,-0.806115448,-0.983253896
0.417469561,0.142730385,-0.719374239,1.686728239,-0.594662666
0.105371848,1.56679225,-0.785732806,0.339093387,2.975560665
-1.616422296,1.451433897,1.157433987,-0.797042906,-0.970338821
0.419230074,0.150228232,-0.713688314,1.68665719,-0.586622596
0.102878556,1.552937031,-0.780892611,0.345494866,2.974893093
-1.626466632,1.444565058,1.175861001,-0.73894012,-0.979620814
0.451535523,0.184174895,-0.66022408,1.686195135,-0.592450202
0.058527842,1.490078211,-0.735382676,0.386576295,2.975161314
-1.627626181,1.443145752,1.177911758,-0.731596947,-0.962629259
0.455335587,0.191253126,-0.654274166,1.686131954,-0.581835866
0.053365082,1.476968765,-0.730287194,0.39175415,2.975062847
-1.637601256,1.435229063,1.199712992,-0.659351051,-0.928662956
0.487444967,0.229373515,-0.590310693,1.685470104,-0.56051147
0.009238929,1.405931354,-0.675757766,0.442735791,2.974444389
-1.63847065,1.433917999,1.201790214,-0.651233435,-0.916399896
0.490681529,0.235499412,-0.584168732,1.685386658,-0.552894115
0.004793659,1.394494891,-0.670496702,0.44846943,2.973573685
-1.650223374,1.422879457,1.223931909,-0.595757961,-0.875817776
0.530216575,0.287129968,-0.51854074,1.684784651,-0.527205527
-0.049874321,1.297677517,-0.614533246,0.487594903,2.97138238
-1.65151906,1.421110868,1.225926995,-0.58694613,-0.860838056
0.534484148,0.295369416,-0.512592733,1.684696674,-0.517698944
-0.05567918,1.28219986,-0.609374046,0.493778914,2.96991396
-1.666111112,1.407293558,1.25417614,-0.49584344,-0.835578024
0.584431112,0.357827634,-0.427811533,1.683632851,-0.501524925
-0.124857366,1.164201498,-0.536928654,0.557948828,2.96744132
-1.666718841,1.406096935,1.255413294,-0.489612371,-0.815239191
0.586932778,0.363160163,-0.424042523,1.683560133,-0.488482416
-0.128426582,1.154105544,-0.533658385,0.56233269,2.964905739
